# Blender 4.4.0
# www.blender.org
mtllib player.mtl
o 球
v -0.555261 3.949250 0.118810
v -0.831157 3.673351 0.117483
v -0.980471 3.312871 0.116765
v -0.999685 3.117781 0.116672
v -0.980471 2.922691 0.116765
v -0.831157 2.562211 0.117483
v -0.190853 4.098566 0.082502
v -0.374664 4.041660 0.045020
v -0.544065 3.949250 0.010476
v -0.692545 3.824888 -0.019802
v -0.814401 3.673351 -0.044650
v -0.904947 3.500464 -0.063114
v -0.960705 3.312871 -0.074484
v -0.979533 3.117781 -0.078323
v -0.960705 2.922691 -0.074484
v -0.904947 2.735097 -0.063114
v -0.814401 2.562211 -0.044650
v -0.692545 2.410674 -0.019802
v -0.544065 2.286311 0.010476
v -0.374664 2.193902 0.045020
v -0.190853 2.136996 0.082502
v -0.179576 4.098566 0.045958
v -0.352542 4.041660 -0.026664
v -0.511948 3.949250 -0.093592
v -0.651670 3.824888 -0.152255
v -0.766335 3.673351 -0.200399
v -0.851540 3.500464 -0.236173
v -0.904009 3.312871 -0.258202
v -0.921725 3.117781 -0.265641
v -0.904009 2.922691 -0.258202
v -0.851540 2.735097 -0.236173
v -0.766335 2.562211 -0.200399
v -0.651670 2.410674 -0.152255
v -0.511948 2.286311 -0.093592
v -0.352542 2.193902 -0.026664
v -0.179576 2.136996 0.045958
v -0.161386 4.098566 0.012316
v -0.316860 4.041660 -0.092654
v -0.460147 3.949250 -0.189395
v -0.585739 3.824888 -0.274189
v -0.688809 3.673351 -0.343778
v -0.765397 3.500464 -0.395487
v -0.812560 3.312871 -0.427329
v -0.828485 3.117781 -0.438081
v -0.812560 2.922691 -0.427329
v -0.765397 2.735097 -0.395487
v -0.688809 2.562211 -0.343778
v -0.585739 2.410674 -0.274189
v -0.460147 2.286311 -0.189395
v -0.316860 2.193902 -0.092654
v -0.161386 2.136996 0.012316
v -0.136982 4.098566 -0.017130
v -0.268991 4.041660 -0.150415
v -0.390651 3.949250 -0.273251
v -0.497287 3.824888 -0.380917
v -0.584800 3.673351 -0.469277
v -0.649829 3.500464 -0.534934
v -0.689873 3.312871 -0.575366
v -0.703395 3.117781 -0.589018
v -0.689873 2.922691 -0.575366
v -0.649829 2.735097 -0.534934
v -0.584800 2.562211 -0.469277
v -0.497287 2.410674 -0.380917
v -0.390651 2.286311 -0.273251
v -0.268991 2.193902 -0.150415
v -0.136982 2.136996 -0.017130
v -0.107302 4.098566 -0.041249
v -0.210772 4.041660 -0.197727
v -0.306130 3.949250 -0.341937
v -0.389712 3.824888 -0.468339
v -0.458306 3.673351 -0.572074
v -0.509277 3.500464 -0.649156
v -0.540664 3.312871 -0.696623
v -0.551262 3.117781 -0.712650
v -0.540664 2.922691 -0.696623
v -0.509277 2.735097 -0.649156
v -0.458306 2.562211 -0.572074
v -0.389712 2.410674 -0.468339
v -0.306130 2.286311 -0.341937
v -0.210772 2.193902 -0.197727
v -0.107302 2.136996 -0.041249
v 0.000303 4.117781 0.121482
v -0.073487 4.098566 -0.059115
v -0.144442 4.041660 -0.232772
v -0.209833 3.949250 -0.392815
v -0.267150 3.824888 -0.533094
v -0.314188 3.673351 -0.648217
v -0.349141 3.500464 -0.733762
v -0.370665 3.312871 -0.786440
v -0.377933 3.117781 -0.804228
v -0.370665 2.922691 -0.786440
v -0.349141 2.735097 -0.733762
v -0.314188 2.562211 -0.648217
v -0.267150 2.410674 -0.533094
v -0.209833 2.286311 -0.392815
v -0.144442 2.193902 -0.232772
v -0.073487 2.136996 -0.059115
v -0.036837 4.098566 -0.070041
v -0.072549 4.041660 -0.254203
v -0.105461 3.949250 -0.423928
v -0.134310 3.824888 -0.572694
v -0.157985 3.673351 -0.694782
v -0.175577 3.500464 -0.785502
v -0.186410 3.312871 -0.841367
v -0.190068 3.117781 -0.860230
v -0.186410 2.922691 -0.841367
v -0.175577 2.735097 -0.785502
v -0.157985 2.562211 -0.694782
v -0.134310 2.410674 -0.572694
v -0.105461 2.286311 -0.423928
v -0.072549 2.193902 -0.254203
v -0.036837 2.136996 -0.070041
v 0.001241 4.098566 -0.073606
v 0.002143 4.041660 -0.261197
v 0.002975 3.949250 -0.434082
v 0.003704 3.824888 -0.585617
v 0.004302 3.673351 -0.709978
v 0.004746 3.500464 -0.802387
v 0.005020 3.312871 -0.859292
v 0.005113 3.117781 -0.878507
v 0.005020 2.922691 -0.859292
v 0.004746 2.735097 -0.802387
v 0.004302 2.562211 -0.709978
v 0.003704 2.410674 -0.585617
v 0.002975 2.286311 -0.434082
v 0.002143 2.193902 -0.261197
v 0.001241 2.136996 -0.073606
v 0.039283 4.098566 -0.069675
v 0.076765 4.041660 -0.253485
v 0.111309 3.949250 -0.422886
v 0.141586 3.824888 -0.571367
v 0.166435 3.673351 -0.693222
v 0.184899 3.500464 -0.783768
v 0.196269 3.312871 -0.839527
v 0.200108 3.117781 -0.858354
v 0.196269 2.922691 -0.839527
v 0.184899 2.735097 -0.783768
v 0.166435 2.562211 -0.693222
v 0.141586 2.410674 -0.571367
v 0.111309 2.286311 -0.422886
v 0.076765 2.193902 -0.253485
v 0.039283 2.136996 -0.069675
v 0.075827 4.098566 -0.058397
v 0.148448 4.041660 -0.231363
v 0.215377 3.949250 -0.390770
v 0.274040 3.824888 -0.530491
v 0.322183 3.673351 -0.645157
v 0.357957 3.500464 -0.730361
v 0.379987 3.312871 -0.782830
v 0.387425 3.117781 -0.800546
v 0.379987 2.922691 -0.782830
v 0.357957 2.735097 -0.730361
v 0.322183 2.562211 -0.645157
v 0.274040 2.410674 -0.530491
v 0.215377 2.286311 -0.390770
v 0.148448 2.193902 -0.231363
v 0.075827 2.136996 -0.058397
v 0.109468 4.098566 -0.040207
v 0.214438 4.041660 -0.195682
v 0.311179 3.949250 -0.338968
v 0.395973 3.824888 -0.464560
v 0.465562 3.673351 -0.567630
v 0.517271 3.500464 -0.644219
v 0.549114 3.312871 -0.691381
v 0.559866 3.117781 -0.707306
v 0.549114 2.922691 -0.691381
v 0.517271 2.735097 -0.644219
v 0.465562 2.562211 -0.567630
v 0.395973 2.410674 -0.464560
v 0.311179 2.286311 -0.338968
v 0.214438 2.193902 -0.195682
v 0.109468 2.136996 -0.040207
v 0.138914 4.098566 -0.015803
v 0.272199 4.041660 -0.147812
v 0.395035 3.949250 -0.269472
v 0.502702 3.824888 -0.376108
v 0.591061 3.673351 -0.463622
v 0.656719 3.500464 -0.528650
v 0.697150 3.312871 -0.568695
v 0.710802 3.117781 -0.582216
v 0.697150 2.922691 -0.568695
v 0.656719 2.735097 -0.528650
v 0.591061 2.562211 -0.463622
v 0.502702 2.410674 -0.376108
v 0.395035 2.286311 -0.269472
v 0.272199 2.193902 -0.147812
v 0.138914 2.136996 -0.015803
v 0.163034 4.098566 0.013877
v 0.319511 4.041660 -0.089593
v 0.463722 3.949250 -0.184951
v 0.590123 3.824888 -0.268534
v 0.693858 3.673351 -0.337128
v 0.770940 3.500464 -0.388098
v 0.818407 3.312871 -0.419485
v 0.834435 3.117781 -0.430083
v 0.818407 2.922691 -0.419485
v 0.770940 2.735097 -0.388098
v 0.693858 2.562211 -0.337128
v 0.590123 2.410674 -0.268534
v 0.463722 2.286311 -0.184951
v 0.319511 2.193902 -0.089593
v 0.163034 2.136996 0.013877
v 0.180900 4.098566 0.047692
v 0.354557 4.041660 -0.023263
v 0.514599 3.949250 -0.088655
v 0.654878 3.824888 -0.145971
v 0.770002 3.673351 -0.193010
v 0.855547 3.500464 -0.227963
v 0.908225 3.312871 -0.249486
v 0.926012 3.117781 -0.256754
v 0.908225 2.922691 -0.249486
v 0.855547 2.735097 -0.227963
v 0.770002 2.562211 -0.193010
v 0.654878 2.410674 -0.145971
v 0.514599 2.286311 -0.088655
v 0.354557 2.193902 -0.023263
v 0.180900 2.136996 0.047692
v 0.191825 4.098566 0.084342
v 0.375988 4.041660 0.048630
v 0.545713 3.949250 0.015717
v 0.694478 3.824888 -0.013131
v 0.816567 3.673351 -0.036806
v 0.907287 3.500464 -0.054398
v 0.963152 3.312871 -0.065231
v 0.982015 3.117781 -0.068889
v 0.963152 2.922691 -0.065231
v 0.907287 2.735097 -0.054398
v 0.816567 2.562211 -0.036806
v 0.694478 2.410674 -0.013131
v 0.545713 2.286311 0.015717
v 0.375988 2.193902 0.048630
v 0.191825 2.136996 0.084342
v 0.195391 4.098566 0.122420
v 0.382982 4.041660 0.123322
v 0.555866 3.949250 0.124154
v 0.707401 3.824888 0.124882
v 0.831763 3.673351 0.125481
v 0.924172 3.500464 0.125925
v 0.981077 3.312871 0.126199
v 1.000291 3.117781 0.126291
v 0.981077 2.922691 0.126199
v 0.924172 2.735097 0.125925
v 0.831763 2.562211 0.125481
v 0.707401 2.410674 0.124882
v 0.555866 2.286311 0.124154
v 0.382982 2.193902 0.123322
v 0.195391 2.136996 0.122420
v 0.191459 4.098566 0.160462
v 0.375270 4.041660 0.197944
v 0.544670 3.949250 0.232487
v 0.693151 3.824888 0.262765
v 0.815006 3.673351 0.287613
v 0.905553 3.500464 0.306077
v 0.961311 3.312871 0.317448
v 0.980138 3.117781 0.321287
v 0.961311 2.922691 0.317448
v 0.905553 2.735097 0.306077
v 0.815006 2.562211 0.287613
v 0.693151 2.410674 0.262765
v 0.544670 2.286311 0.232487
v 0.375270 2.193902 0.197944
v 0.191459 2.136996 0.160462
v 0.180182 4.098566 0.197005
v 0.353148 4.041660 0.269627
v 0.512554 3.949250 0.336555
v 0.652275 3.824888 0.395218
v 0.766941 3.673351 0.443362
v 0.852146 3.500464 0.479136
v 0.904614 3.312871 0.501165
v 0.922331 3.117781 0.508604
v 0.904614 2.922691 0.501165
v 0.852146 2.735097 0.479136
v 0.766941 2.562211 0.443362
v 0.652275 2.410674 0.395218
v 0.512554 2.286311 0.336555
v 0.353148 2.193902 0.269627
v 0.180182 2.136996 0.197005
v 0.161991 4.098566 0.230647
v 0.317466 4.041660 0.335617
v 0.460753 3.949250 0.432358
v 0.586344 3.824888 0.517152
v 0.689415 3.673351 0.586741
v 0.766003 3.500464 0.638450
v 0.813166 3.312871 0.670292
v 0.829090 3.117781 0.681044
v 0.813166 2.922691 0.670292
v 0.766003 2.735097 0.638450
v 0.689415 2.562211 0.586741
v 0.586344 2.410674 0.517152
v 0.460753 2.286311 0.432358
v 0.317466 2.193902 0.335617
v 0.161991 2.136996 0.230647
v 0.137588 4.098566 0.260093
v 0.269596 4.041660 0.393378
v 0.391256 3.949250 0.516214
v 0.497892 3.824888 0.623880
v 0.585406 3.673351 0.712240
v 0.650435 3.500464 0.777897
v 0.690479 3.312871 0.818329
v 0.704000 3.117781 0.831981
v 0.690479 2.922691 0.818329
v 0.650435 2.735097 0.777897
v 0.585406 2.562211 0.712240
v 0.497892 2.410674 0.623880
v 0.391256 2.286311 0.516214
v 0.269596 2.193902 0.393378
v 0.137588 2.136996 0.260093
v 0.000303 2.117781 0.121482
v 0.107908 4.098566 0.284213
v 0.211378 4.041660 0.440690
v 0.306736 3.949250 0.584900
v 0.390318 3.824888 0.711302
v 0.458912 3.673351 0.815037
v 0.509882 3.500464 0.892119
v 0.541269 3.312871 0.939586
v 0.551867 3.117781 0.955613
v 0.541269 2.922691 0.939586
v 0.509882 2.735097 0.892119
v 0.458912 2.562211 0.815037
v 0.390318 2.410674 0.711302
v 0.306736 2.286311 0.584900
v 0.211378 2.193902 0.440690
v 0.107908 2.136996 0.284213
v 0.074093 4.098566 0.302078
v 0.145047 4.041660 0.475735
v 0.210439 3.949250 0.635778
v 0.267756 3.824888 0.776057
v 0.314794 3.673351 0.891180
v 0.349747 3.500464 0.976725
v 0.371271 3.312871 1.029403
v 0.378538 3.117781 1.047190
v 0.371271 2.922691 1.029403
v 0.349747 2.735097 0.976725
v 0.314794 2.562211 0.891180
v 0.267756 2.410674 0.776057
v 0.210439 2.286311 0.635778
v 0.145047 2.193902 0.475735
v 0.074093 2.136996 0.302078
v 0.037442 4.098566 0.313004
v 0.073155 4.041660 0.497166
v 0.106067 3.949250 0.666891
v 0.134916 3.824888 0.815657
v 0.158591 3.673351 0.937745
v 0.176183 3.500464 1.028465
v 0.187016 3.312871 1.084330
v 0.190673 3.117781 1.103193
v 0.187016 2.922691 1.084330
v 0.176183 2.735097 1.028465
v 0.158591 2.562211 0.937745
v 0.134916 2.410674 0.815657
v 0.106067 2.286311 0.666891
v 0.073155 2.193902 0.497166
v 0.037442 2.136996 0.313004
v -0.000635 4.098566 0.316570
v -0.001538 4.041660 0.504160
v -0.002369 3.949250 0.677045
v -0.003098 3.824888 0.828580
v -0.003696 3.673351 0.952941
v -0.004140 3.500464 1.045350
v -0.004414 3.312871 1.102255
v -0.004507 3.117781 1.121469
v -0.004414 2.922691 1.102255
v -0.004140 2.735097 1.045350
v -0.003696 2.562211 0.952941
v -0.003098 2.410674 0.828580
v -0.002369 2.286311 0.677045
v -0.001538 2.193902 0.504160
v -0.000635 2.136996 0.316570
v -0.038677 4.098566 0.312638
v -0.076159 4.041660 0.496448
v -0.110703 3.949250 0.665849
v -0.140981 3.824888 0.814330
v -0.165829 3.673351 0.936185
v -0.184293 3.500464 1.026731
v -0.195663 3.312871 1.082489
v -0.199502 3.117781 1.101316
v -0.195663 2.922691 1.082489
v -0.184293 2.735097 1.026731
v -0.165829 2.562211 0.936185
v -0.140981 2.410674 0.814330
v -0.110703 2.286311 0.665849
v -0.076159 2.193902 0.496448
v -0.038677 2.136996 0.312638
v -0.075221 4.098566 0.301360
v -0.147842 4.041660 0.474326
v -0.214771 3.949250 0.633733
v -0.273434 3.824888 0.773454
v -0.321577 3.673351 0.888120
v -0.357351 3.500464 0.973324
v -0.379381 3.312871 1.025793
v -0.386819 3.117781 1.043509
v -0.379381 2.922691 1.025793
v -0.357351 2.735097 0.973324
v -0.321577 2.562211 0.888120
v -0.273434 2.410674 0.773454
v -0.214771 2.286311 0.633733
v -0.147842 2.193902 0.474326
v -0.075221 2.136996 0.301360
v -0.108862 4.098566 0.283170
v -0.213832 4.041660 0.438645
v -0.310573 3.949250 0.581931
v -0.395368 3.824888 0.707523
v -0.464956 3.673351 0.810593
v -0.516665 3.500464 0.887182
v -0.548508 3.312871 0.934344
v -0.559259 3.117781 0.950269
v -0.548508 2.922691 0.934344
v -0.516665 2.735097 0.887182
v -0.464956 2.562211 0.810593
v -0.395368 2.410674 0.707523
v -0.310573 2.286311 0.581931
v -0.213832 2.193902 0.438645
v -0.108862 2.136996 0.283170
v -0.138308 4.098566 0.258766
v -0.271593 4.041660 0.390775
v -0.394429 3.949250 0.512435
v -0.502096 3.824888 0.619071
v -0.590455 3.673351 0.706584
v -0.656112 3.500464 0.771613
v -0.696544 3.312871 0.811658
v -0.710196 3.117781 0.825178
v -0.696544 2.922691 0.811658
v -0.656112 2.735097 0.771613
v -0.590455 2.562211 0.706584
v -0.502096 2.410674 0.619071
v -0.394429 2.286311 0.512435
v -0.271593 2.193902 0.390775
v -0.138308 2.136996 0.258766
v -0.162428 4.098566 0.229086
v -0.318905 4.041660 0.332556
v -0.463116 3.949250 0.427914
v -0.589517 3.824888 0.511497
v -0.693252 3.673351 0.580091
v -0.770334 3.500464 0.631061
v -0.817801 3.312871 0.662448
v -0.833828 3.117781 0.673046
v -0.817801 2.922691 0.662448
v -0.770334 2.735097 0.631061
v -0.693252 2.562211 0.580091
v -0.589517 2.410674 0.511497
v -0.463116 2.286311 0.427914
v -0.318905 2.193902 0.332556
v -0.162428 2.136996 0.229086
v -0.180294 4.098566 0.195272
v -0.353951 4.041660 0.266226
v -0.513993 3.949250 0.331618
v -0.654272 3.824888 0.388935
v -0.769396 3.673351 0.435973
v -0.854940 3.500464 0.470926
v -0.907619 3.312871 0.492449
v -0.925405 3.117781 0.499716
v -0.907619 2.922691 0.492449
v -0.854940 2.735097 0.470926
v -0.769396 2.562211 0.435973
v -0.654272 2.410674 0.388935
v -0.513993 2.286311 0.331618
v -0.353951 2.193902 0.266226
v -0.180294 2.136996 0.195272
v -0.191219 4.098566 0.158621
v -0.375382 4.041660 0.194333
v -0.545106 3.949250 0.227246
v -0.693872 3.824888 0.256094
v -0.815960 3.673351 0.279769
v -0.906680 3.500464 0.297361
v -0.962545 3.312871 0.308194
v -0.981408 3.117781 0.311852
v -0.962545 2.922691 0.308194
v -0.906680 2.735097 0.297361
v -0.815960 2.562211 0.279769
v -0.693872 2.410674 0.256094
v -0.545106 2.286311 0.227246
v -0.375382 2.193902 0.194333
v -0.191219 2.136996 0.158621
v -0.194785 4.098566 0.120543
v -0.382376 4.041660 0.119641
v -0.706795 3.824888 0.118081
v -0.923565 3.500464 0.117038
v -0.923565 2.735097 0.117038
v -0.706795 2.410674 0.118081
v -0.555260 2.286311 0.118809
v -0.382376 2.193902 0.119641
v -0.194785 2.136996 0.120543
v 0.298510 0.819813 -0.138741
v 0.199474 0.808561 -2.583284
v 0.295122 0.854213 -0.138905
v 0.198060 0.822917 -2.583352
v 0.285088 0.887291 -0.139072
v 0.193872 0.836720 -2.583422
v 0.268793 0.917776 -0.139237
v 0.187073 0.849442 -2.583491
v 0.246865 0.944496 -0.139394
v 0.177922 0.860593 -2.583556
v 0.220144 0.966425 -0.139535
v 0.166771 0.869744 -2.583615
v 0.189660 0.982719 -0.139656
v 0.154049 0.876544 -2.583666
v 0.156581 0.992753 -0.139753
v 0.140245 0.880731 -2.583706
v 0.122181 0.996141 -0.139821
v 0.125890 0.882145 -2.583734
v 0.087781 0.992753 -0.139857
v 0.111534 0.880731 -2.583750
v 0.054703 0.982719 -0.139861
v 0.097730 0.876544 -2.583751
v 0.024218 0.966425 -0.139832
v 0.085009 0.869744 -2.583739
v -0.002503 0.944496 -0.139772
v 0.073858 0.860593 -2.583714
v -0.024432 0.917776 -0.139682
v 0.064707 0.849442 -2.583677
v -0.040727 0.887291 -0.139567
v 0.057907 0.836720 -2.583628
v -0.050761 0.854213 -0.139430
v 0.053719 0.822917 -2.583571
v -0.054149 0.819813 -0.139276
v 0.052305 0.808561 -2.583507
v -0.050762 0.785414 -0.139113
v 0.053719 0.794206 -2.583439
v -0.040728 0.752336 -0.138945
v 0.057906 0.780402 -2.583369
v -0.024433 0.721851 -0.138780
v 0.064706 0.767680 -2.583300
v -0.002505 0.695131 -0.138624
v 0.073857 0.756530 -2.583235
v 0.024216 0.673202 -0.138483
v 0.085008 0.747379 -2.583176
v 0.054701 0.656908 -0.138361
v 0.097729 0.740579 -2.583125
v 0.087779 0.646874 -0.138265
v 0.111533 0.736392 -2.583085
v 0.122179 0.643486 -0.138197
v 0.125889 0.734978 -2.583057
v 0.156579 0.646874 -0.138161
v 0.140244 0.736392 -2.583042
v 0.189657 0.656908 -0.138157
v 0.154048 0.740579 -2.583040
v 0.220142 0.673202 -0.138185
v 0.166770 0.747379 -2.583052
v 0.246863 0.695131 -0.138246
v 0.177921 0.756530 -2.583077
v 0.268792 0.721851 -0.138335
v 0.187072 0.767680 -2.583115
v 0.285087 0.752336 -0.138451
v 0.193872 0.780402 -2.583163
v 0.295121 0.785414 -0.138588
v 0.198060 0.794206 -2.583220
v 0.206583 0.818045 -0.523085
v 0.204973 0.834397 -0.523163
v 0.200203 0.850121 -0.523242
v 0.192457 0.864612 -0.523321
v 0.182033 0.877314 -0.523395
v 0.169331 0.887738 -0.523462
v 0.154840 0.895484 -0.523520
v 0.139116 0.900254 -0.523566
v 0.122764 0.901864 -0.523598
v 0.106411 0.900254 -0.523615
v 0.090687 0.895484 -0.523617
v 0.076196 0.887738 -0.523604
v 0.063494 0.877314 -0.523575
v 0.053070 0.864612 -0.523532
v 0.045324 0.850121 -0.523477
v 0.040554 0.834397 -0.523412
v 0.038943 0.818045 -0.523339
v 0.040554 0.801693 -0.523262
v 0.045323 0.785969 -0.523182
v 0.053069 0.771477 -0.523103
v 0.063493 0.758776 -0.523029
v 0.076195 0.748352 -0.522962
v 0.090686 0.740606 -0.522904
v 0.106410 0.735836 -0.522859
v 0.122762 0.734226 -0.522826
v 0.139115 0.735836 -0.522809
v 0.154839 0.740606 -0.522807
v 0.169330 0.748352 -0.522821
v 0.182032 0.758776 -0.522849
v 0.192456 0.771477 -0.522892
v 0.200202 0.785969 -0.522947
v 0.204972 0.801693 -0.523012
v 0.204527 0.835750 -0.229393
v 0.199757 0.851474 -0.229473
v 0.192011 0.865965 -0.229551
v 0.181587 0.878666 -0.229626
v 0.168886 0.889090 -0.229693
v 0.154394 0.896836 -0.229750
v 0.138670 0.901606 -0.229796
v 0.122318 0.903216 -0.229829
v 0.105965 0.901606 -0.229846
v 0.090241 0.896836 -0.229848
v 0.075750 0.889090 -0.229834
v 0.063048 0.878666 -0.229805
v 0.052624 0.865965 -0.229763
v 0.044878 0.851474 -0.229708
v 0.040108 0.835750 -0.229643
v 0.038497 0.819397 -0.229570
v 0.040108 0.803045 -0.229492
v 0.044877 0.787321 -0.229413
v 0.052623 0.772830 -0.229334
v 0.063047 0.760128 -0.229260
v 0.075749 0.749704 -0.229193
v 0.090240 0.741958 -0.229135
v 0.105964 0.737189 -0.229089
v 0.122317 0.735578 -0.229057
v 0.138669 0.737189 -0.229039
v 0.154393 0.741958 -0.229037
v 0.168885 0.749704 -0.229051
v 0.181587 0.760128 -0.229080
v 0.192011 0.772830 -0.229123
v 0.199757 0.787321 -0.229178
v 0.204527 0.803045 -0.229243
v 0.206137 0.819397 -0.229316
v 0.253814 0.813301 -1.553633
v 0.251326 0.838562 -1.553753
v 0.243958 0.862853 -1.553877
v 0.231992 0.885239 -1.553998
v 0.215889 0.904861 -1.554113
v 0.196267 0.920964 -1.554216
v 0.173880 0.932930 -1.554305
v 0.149589 0.940298 -1.554376
v 0.124328 0.942786 -1.554426
v 0.099066 0.940298 -1.554453
v 0.074775 0.932930 -1.554456
v 0.052389 0.920964 -1.554435
v 0.032767 0.904861 -1.554390
v 0.016663 0.885239 -1.554324
v 0.004697 0.862853 -1.554240
v -0.002672 0.838562 -1.554139
v -0.005160 0.813301 -1.554026
v -0.002672 0.788039 -1.553906
v 0.004696 0.763749 -1.553783
v 0.016662 0.741362 -1.553662
v 0.032765 0.721740 -1.553548
v 0.052387 0.705637 -1.553444
v 0.074774 0.693671 -1.553355
v 0.099064 0.686303 -1.553284
v 0.124326 0.683815 -1.553234
v 0.149588 0.686303 -1.553207
v 0.173879 0.693671 -1.553204
v 0.196265 0.705637 -1.553225
v 0.215887 0.721740 -1.553270
v 0.231991 0.741362 -1.553335
v 0.243957 0.763749 -1.553420
v 0.251326 0.788039 -1.553521
v 0.278037 0.810867 -2.082174
v 0.275099 0.840698 -2.082316
v 0.266398 0.869382 -2.082461
v 0.252268 0.895818 -2.082604
v 0.233252 0.918989 -2.082740
v 0.210081 0.938005 -2.082863
v 0.183645 0.952135 -2.082968
v 0.154961 0.960836 -2.083051
v 0.125130 0.963774 -2.083110
v 0.095299 0.960836 -2.083142
v 0.066615 0.952135 -2.083145
v 0.040179 0.938005 -2.083121
v 0.017007 0.918989 -2.083068
v -0.002009 0.895818 -2.082990
v -0.016139 0.869382 -2.082890
v -0.024841 0.840698 -2.082771
v -0.027779 0.810867 -2.082638
v -0.024841 0.781037 -2.082496
v -0.016140 0.752352 -2.082351
v -0.002010 0.725917 -2.082208
v 0.017006 0.702746 -2.082072
v 0.040177 0.683730 -2.081950
v 0.066613 0.669600 -2.081845
v 0.095297 0.660899 -2.081761
v 0.125128 0.657961 -2.081702
v 0.154959 0.660899 -2.081671
v 0.183643 0.669600 -2.081667
v 0.210079 0.683730 -2.081692
v 0.233251 0.702746 -2.081744
v 0.252267 0.725917 -2.081822
v 0.266397 0.752352 -2.081923
v 0.275099 0.781037 -2.082042
v 0.290149 0.809651 -2.346445
v 0.286986 0.841766 -2.346597
v 0.277618 0.872647 -2.346754
v 0.262406 0.901107 -2.346908
v 0.241934 0.926053 -2.347054
v 0.216988 0.946525 -2.347186
v 0.188528 0.961737 -2.347299
v 0.157647 0.971105 -2.347389
v 0.125531 0.974268 -2.347452
v 0.093416 0.971105 -2.347486
v 0.062534 0.961737 -2.347490
v 0.034074 0.946525 -2.347463
v 0.009128 0.926053 -2.347407
v -0.011345 0.901107 -2.347323
v -0.026557 0.872647 -2.347215
v -0.035925 0.841766 -2.347087
v -0.039089 0.809651 -2.346944
v -0.035926 0.777536 -2.346792
v -0.026558 0.746655 -2.346635
v -0.011346 0.718194 -2.346481
v 0.009126 0.693249 -2.346335
v 0.034072 0.672776 -2.346203
v 0.062532 0.657564 -2.346090
v 0.093413 0.648197 -2.346000
v 0.125529 0.645034 -2.345936
v 0.157645 0.648197 -2.345902
v 0.188526 0.657564 -2.345899
v 0.216986 0.672776 -2.345925
v 0.241932 0.693249 -2.345982
v 0.262405 0.718194 -2.346066
v 0.277618 0.746655 -2.346173
v 0.286986 0.777536 -2.346302
v 0.296214 0.809013 -2.484887
v 0.292939 0.842271 -2.485045
v 0.283238 0.874250 -2.485207
v 0.267485 0.903723 -2.485366
v 0.246284 0.929556 -2.485518
v 0.220452 0.950756 -2.485654
v 0.190979 0.966510 -2.485771
v 0.158999 0.976210 -2.485865
v 0.125741 0.979486 -2.485930
v 0.092484 0.976210 -2.485965
v 0.060504 0.966510 -2.485970
v 0.031031 0.950756 -2.485941
v 0.005198 0.929556 -2.485883
v -0.016003 0.903723 -2.485796
v -0.031757 0.874250 -2.485685
v -0.041458 0.842271 -2.485552
v -0.044734 0.809013 -2.485404
v -0.041459 0.775756 -2.485246
v -0.031758 0.743777 -2.485084
v -0.016005 0.714304 -2.484925
v 0.005196 0.688471 -2.484773
v 0.031029 0.667271 -2.484637
v 0.060501 0.651517 -2.484519
v 0.092481 0.641817 -2.484426
v 0.125739 0.638541 -2.484361
v 0.158997 0.641817 -2.484325
v 0.190977 0.651517 -2.484322
v 0.220450 0.667271 -2.484349
v 0.246283 0.688471 -2.484407
v 0.267484 0.714304 -2.484494
v 0.283237 0.743777 -2.484606
v 0.292938 0.775756 -2.484739
v 0.284761 0.851931 -0.184128
v 0.275332 0.883014 -0.184285
v 0.260021 0.911660 -0.184440
v 0.239414 0.936769 -0.184587
v 0.214305 0.957375 -0.184720
v 0.185659 0.972687 -0.184834
v 0.154575 0.982116 -0.184925
v 0.122250 0.985300 -0.184989
v 0.089924 0.982116 -0.185023
v 0.058841 0.972687 -0.185027
v 0.030194 0.957375 -0.185000
v 0.005085 0.936769 -0.184943
v -0.015522 0.911660 -0.184859
v -0.030834 0.883014 -0.184750
v -0.040263 0.851931 -0.184621
v -0.043447 0.819605 -0.184477
v -0.040264 0.787280 -0.184324
v -0.030835 0.756197 -0.184166
v -0.015523 0.727551 -0.184011
v 0.005083 0.702442 -0.183864
v 0.030192 0.681835 -0.183731
v 0.058838 0.666524 -0.183617
v 0.089922 0.657095 -0.183527
v 0.122247 0.653911 -0.183463
v 0.154573 0.657095 -0.183429
v 0.185657 0.666524 -0.183425
v 0.214304 0.681835 -0.183452
v 0.239413 0.702442 -0.183509
v 0.260019 0.727551 -0.183593
v 0.275331 0.756197 -0.183702
v 0.284761 0.787280 -0.183830
v 0.287945 0.819605 -0.183974
v -1.183768 3.407012 0.115787
v -1.183768 3.543191 0.115787
v -1.163716 3.407012 -0.058161
v -1.163716 3.543191 -0.058161
v -1.106006 3.407012 -0.225239
v -1.106006 3.543191 -0.225239
v -1.012856 3.407012 -0.379027
v -1.012856 3.543191 -0.379027
v -0.887844 3.407012 -0.513614
v -0.887844 3.543191 -0.513614
v -0.735776 3.407012 -0.623829
v -0.735776 3.543191 -0.623829
v -0.562495 3.407012 -0.705437
v -0.562495 3.543191 -0.705437
v -0.374659 3.407012 -0.755300
v -0.374659 3.543191 -0.755300
v -0.179489 3.407012 -0.771503
v -0.179489 3.543191 -0.771503
v 0.015517 3.407012 -0.753424
v 0.015517 3.543191 -0.753424
v 0.202864 3.407012 -0.701756
v 0.202864 3.543191 -0.701756
v 0.375352 3.407012 -0.618486
v 0.375352 3.543191 -0.618486
v 0.526353 3.407012 -0.506813
v 0.526353 3.543191 -0.506813
v 0.650064 3.407012 -0.371029
v 0.650064 3.543191 -0.371029
v 0.741731 3.407012 -0.216352
v 0.741731 3.543191 -0.216352
v 0.797831 3.407012 -0.048727
v 0.797831 3.543191 -0.048727
v 0.816209 3.407012 0.125406
v 0.816209 3.543191 0.125406
v 0.796157 3.407012 0.299353
v 0.796157 3.543191 0.299353
v 0.738447 3.407012 0.466431
v 0.738447 3.543191 0.466431
v 0.645297 3.407012 0.620219
v 0.645297 3.543191 0.620219
v 0.520285 3.407012 0.754807
v 0.520285 3.543191 0.754807
v 0.368217 3.407012 0.865022
v 0.368217 3.543191 0.865022
v 0.194936 3.407012 0.946630
v 0.194936 3.543191 0.946630
v 0.007101 3.407012 0.996493
v 0.007101 3.543191 0.996493
v -0.188070 3.407012 1.012696
v -0.188070 3.543191 1.012696
v -0.383076 3.407012 0.994616
v -0.383076 3.543191 0.994616
v -0.570422 3.407012 0.942949
v -0.570422 3.543191 0.942949
v -0.742911 3.407012 0.859678
v -0.742911 3.543191 0.859678
v -0.893912 3.407012 0.748006
v -0.893912 3.543191 0.748006
v -1.017623 3.407012 0.612222
v -1.017623 3.543191 0.612222
v -1.109290 3.407012 0.457545
v -1.109290 3.543191 0.457545
v -1.165390 3.407012 0.289919
v -1.165390 3.543191 0.289919
v 0.298628 -0.566502 0.121631
v 0.298628 2.194750 0.121631
v 0.295178 -0.566502 0.156127
v 0.295178 2.194750 0.156127
v 0.285064 -0.566502 0.189286
v 0.285064 2.194750 0.189286
v 0.268676 -0.566502 0.219835
v 0.268676 2.194750 0.219835
v 0.246642 -0.566502 0.246600
v 0.246642 2.194750 0.246600
v 0.219811 -0.566502 0.268552
v 0.219811 2.194750 0.268552
v 0.189212 -0.566502 0.284847
v 0.189212 2.194750 0.284847
v 0.156022 -0.566502 0.294860
v 0.156022 2.194750 0.294860
v 0.121517 -0.566502 0.298206
v 0.121517 2.194750 0.298206
v 0.087021 -0.566502 0.294756
v 0.087021 2.194750 0.294756
v 0.053862 -0.566502 0.284642
v 0.053862 2.194750 0.284642
v 0.023313 -0.566502 0.268254
v 0.023313 2.194750 0.268254
v -0.003452 -0.566502 0.246220
v -0.003452 2.194750 0.246220
v -0.025404 -0.566502 0.219389
v -0.025404 2.194750 0.219389
v -0.041700 -0.566502 0.188790
v -0.041700 2.194750 0.188790
v -0.051713 -0.566502 0.155600
v -0.051713 2.194750 0.155600
v -0.055058 -0.566502 0.121095
v -0.055058 2.194750 0.121095
v -0.051608 -0.566502 0.086599
v -0.051608 2.194750 0.086599
v -0.041494 -0.566502 0.053440
v -0.041494 2.194750 0.053440
v -0.025106 -0.566502 0.022891
v -0.025106 2.194750 0.022891
v -0.003072 -0.566502 -0.003874
v -0.003072 2.194750 -0.003874
v 0.023759 -0.566502 -0.025826
v 0.023759 2.194750 -0.025826
v 0.054358 -0.566502 -0.042121
v 0.054358 2.194750 -0.042121
v 0.087548 -0.566502 -0.052134
v 0.087548 2.194750 -0.052134
v 0.122053 -0.566502 -0.055480
v 0.122053 2.194750 -0.055480
v 0.156549 -0.566502 -0.052030
v 0.156549 2.194750 -0.052030
v 0.189708 -0.566502 -0.041916
v 0.189708 2.194750 -0.041916
v 0.220257 -0.566502 -0.025528
v 0.220257 2.194750 -0.025528
v 0.247022 -0.566502 -0.003494
v 0.247022 2.194750 -0.003494
v 0.268974 -0.566502 0.023337
v 0.268974 2.194750 0.023337
v 0.285269 -0.566502 0.053936
v 0.285269 2.194750 0.053936
v 0.295282 -0.566502 0.087126
v 0.295282 2.194750 0.087126
vn -0.9523 -0.2890 -0.0984
vn -0.4707 0.8810 -0.0486
vn -0.8782 -0.4696 -0.0908
vn -0.6329 0.7715 -0.0654
vn -0.7704 -0.6326 -0.0796
vn -0.7704 0.6326 -0.0796
vn -0.6329 -0.7715 -0.0654
vn -0.8782 0.4696 -0.0908
vn -0.4707 -0.8810 -0.0486
vn -0.9523 0.2890 -0.0984
vn -0.2900 -0.9565 -0.0300
vn -0.9900 0.0975 -0.1023
vn -0.0980 0.9951 -0.0101
vn -0.0980 -0.9951 -0.0101
vn -0.9900 -0.0976 -0.1023
vn -0.2900 0.9565 -0.0300
vn -0.9510 -0.0976 -0.2935
vn -0.2786 0.9565 -0.0860
vn -0.9148 -0.2890 -0.2823
vn -0.4521 0.8810 -0.1395
vn -0.8436 -0.4696 -0.2603
vn -0.6079 0.7715 -0.1876
vn -0.7401 -0.6326 -0.2284
vn -0.7401 0.6326 -0.2284
vn -0.6079 -0.7715 -0.1876
vn -0.8436 0.4696 -0.2603
vn -0.4521 -0.8810 -0.1395
vn -0.9148 0.2890 -0.2823
vn -0.2786 -0.9565 -0.0860
vn -0.9510 0.0976 -0.2935
vn -0.0941 0.9951 -0.0290
vn -0.0941 -0.9951 -0.0290
vn -0.5596 -0.7715 -0.3026
vn -0.7766 0.4696 -0.4199
vn -0.4162 -0.8810 -0.2251
vn -0.8421 0.2890 -0.4553
vn -0.2565 -0.9565 -0.1387
vn -0.8754 0.0975 -0.4734
vn -0.0866 0.9951 -0.0468
vn -0.0866 -0.9951 -0.0468
vn -0.8754 -0.0975 -0.4734
vn -0.2565 0.9565 -0.1387
vn -0.8421 -0.2890 -0.4553
vn -0.4162 0.8810 -0.2251
vn -0.7766 -0.4696 -0.4199
vn -0.5596 0.7715 -0.3026
vn -0.6813 -0.6326 -0.3684
vn -0.6813 0.6326 -0.3684
vn -0.2245 0.9565 -0.1861
vn -0.7371 -0.2890 -0.6109
vn -0.3643 0.8810 -0.3019
vn -0.6798 -0.4696 -0.5634
vn -0.4899 0.7715 -0.4060
vn -0.5963 -0.6326 -0.4942
vn -0.5963 0.6326 -0.4942
vn -0.4899 -0.7715 -0.4060
vn -0.6798 0.4696 -0.5634
vn -0.3643 -0.8810 -0.3019
vn -0.7371 0.2890 -0.6109
vn -0.2245 -0.9565 -0.1861
vn -0.7663 0.0975 -0.6351
vn -0.0758 0.9951 -0.0628
vn -0.0758 -0.9951 -0.0628
vn -0.7663 -0.0975 -0.6351
vn -0.5568 0.4696 -0.6851
vn -0.2984 -0.8810 -0.3672
vn -0.6038 0.2890 -0.7429
vn -0.1839 -0.9566 -0.2263
vn -0.6277 0.0975 -0.7724
vn -0.0621 0.9951 -0.0764
vn -0.0621 -0.9951 -0.0764
vn -0.6277 -0.0975 -0.7724
vn -0.1839 0.9565 -0.2263
vn -0.6038 -0.2890 -0.7429
vn -0.2984 0.8810 -0.3672
vn -0.5568 -0.4696 -0.6851
vn -0.4012 0.7715 -0.4937
vn -0.4885 -0.6326 -0.6011
vn -0.4885 0.6326 -0.6011
vn -0.4012 -0.7715 -0.4937
vn -0.4472 -0.2890 -0.8464
vn -0.2210 0.8810 -0.4184
vn -0.4124 -0.4696 -0.7806
vn -0.2972 0.7715 -0.5625
vn -0.3618 -0.6326 -0.6848
vn -0.3618 0.6326 -0.6848
vn -0.2972 -0.7715 -0.5625
vn -0.4124 0.4696 -0.7806
vn -0.2210 -0.8810 -0.4184
vn -0.4472 0.2890 -0.8464
vn -0.1362 -0.9565 -0.2578
vn -0.4649 0.0975 -0.8800
vn -0.0460 0.9951 -0.0871
vn -0.0460 -0.9951 -0.0871
vn -0.4649 -0.0975 -0.8800
vn -0.1362 0.9565 -0.2578
vn -0.1352 -0.8810 -0.4534
vn -0.2735 0.2890 -0.9174
vn -0.0833 -0.9565 -0.2794
vn -0.2843 0.0975 -0.9538
vn -0.0281 0.9951 -0.0944
vn -0.0281 -0.9951 -0.0944
vn -0.2843 -0.0975 -0.9538
vn -0.0833 0.9565 -0.2794
vn -0.2735 -0.2890 -0.9174
vn -0.1352 0.8810 -0.4534
vn -0.2522 -0.4696 -0.8461
vn -0.1818 0.7715 -0.6097
vn -0.2213 -0.6326 -0.7422
vn -0.2213 0.6326 -0.7422
vn -0.1818 -0.7715 -0.6097
vn -0.2522 0.4696 -0.8461
vn -0.0823 -0.4696 -0.8790
vn -0.0593 0.7715 -0.6335
vn -0.0722 -0.6326 -0.7711
vn -0.0722 0.6326 -0.7711
vn -0.0593 -0.7715 -0.6335
vn -0.0823 0.4696 -0.8790
vn -0.0441 -0.8810 -0.4711
vn -0.0893 0.2890 -0.9532
vn -0.0272 -0.9565 -0.2903
vn -0.0928 0.0975 -0.9909
vn -0.0092 0.9951 -0.0981
vn -0.0092 -0.9951 -0.0981
vn -0.0928 -0.0975 -0.9909
vn -0.0272 0.9565 -0.2903
vn -0.0893 -0.2890 -0.9532
vn -0.0441 0.8810 -0.4711
vn 0.0300 -0.9565 -0.2900
vn 0.1023 0.0975 -0.9900
vn 0.0101 0.9951 -0.0980
vn 0.0101 -0.9951 -0.0980
vn 0.1023 -0.0975 -0.9900
vn 0.0300 0.9565 -0.2900
vn 0.0984 -0.2890 -0.9523
vn 0.0486 0.8810 -0.4707
vn 0.0908 -0.4696 -0.8782
vn 0.0654 0.7715 -0.6329
vn 0.0796 -0.6326 -0.7704
vn 0.0796 0.6326 -0.7704
vn 0.0654 -0.7715 -0.6329
vn 0.0908 0.4696 -0.8782
vn 0.0486 -0.8810 -0.4707
vn 0.0984 0.2890 -0.9523
vn 0.1876 0.7715 -0.6079
vn 0.2284 -0.6326 -0.7401
vn 0.2284 0.6326 -0.7401
vn 0.1876 -0.7715 -0.6079
vn 0.2603 0.4696 -0.8436
vn 0.1395 -0.8810 -0.4521
vn 0.2823 0.2890 -0.9148
vn 0.0860 -0.9565 -0.2786
vn 0.2935 0.0975 -0.9510
vn 0.0290 0.9951 -0.0941
vn 0.0290 -0.9951 -0.0941
vn 0.2935 -0.0975 -0.9510
vn 0.0860 0.9565 -0.2786
vn 0.2823 -0.2890 -0.9148
vn 0.1395 0.8810 -0.4521
vn 0.2603 -0.4696 -0.8436
vn 0.4734 0.0975 -0.8754
vn 0.0468 0.9951 -0.0866
vn 0.0468 -0.9951 -0.0866
vn 0.4734 -0.0975 -0.8754
vn 0.1387 0.9565 -0.2565
vn 0.4553 -0.2890 -0.8421
vn 0.2251 0.8810 -0.4162
vn 0.4199 -0.4696 -0.7766
vn 0.3026 0.7715 -0.5596
vn 0.3684 -0.6326 -0.6813
vn 0.3684 0.6326 -0.6813
vn 0.3026 -0.7715 -0.5596
vn 0.4199 0.4696 -0.7766
vn 0.2251 -0.8810 -0.4162
vn 0.4553 0.2890 -0.8421
vn 0.1387 -0.9566 -0.2565
vn 0.4942 -0.6326 -0.5963
vn 0.4942 0.6326 -0.5963
vn 0.4060 -0.7715 -0.4899
vn 0.5634 0.4696 -0.6798
vn 0.3019 -0.8810 -0.3643
vn 0.6109 0.2890 -0.7371
vn 0.1861 -0.9565 -0.2245
vn 0.6351 0.0975 -0.7663
vn 0.0628 0.9951 -0.0758
vn 0.0628 -0.9951 -0.0758
vn 0.6351 -0.0975 -0.7663
vn 0.1861 0.9565 -0.2245
vn 0.6109 -0.2890 -0.7371
vn 0.3019 0.8810 -0.3643
vn 0.5634 -0.4696 -0.6798
vn 0.4060 0.7715 -0.4899
vn 0.0764 0.9951 -0.0621
vn 0.0764 -0.9951 -0.0621
vn 0.7724 -0.0975 -0.6277
vn 0.2263 0.9565 -0.1839
vn 0.7429 -0.2890 -0.6038
vn 0.3672 0.8810 -0.2984
vn 0.6851 -0.4696 -0.5568
vn 0.4937 0.7715 -0.4012
vn 0.6011 -0.6326 -0.4885
vn 0.6011 0.6326 -0.4885
vn 0.4937 -0.7715 -0.4012
vn 0.6851 0.4696 -0.5568
vn 0.3672 -0.8810 -0.2984
vn 0.7429 0.2890 -0.6038
vn 0.2263 -0.9565 -0.1839
vn 0.7724 0.0975 -0.6277
vn 0.6848 0.6326 -0.3618
vn 0.5625 -0.7715 -0.2972
vn 0.7806 0.4696 -0.4124
vn 0.4184 -0.8810 -0.2210
vn 0.8464 0.2890 -0.4472
vn 0.2578 -0.9565 -0.1362
vn 0.8800 0.0975 -0.4649
vn 0.0871 0.9951 -0.0460
vn 0.0871 -0.9951 -0.0460
vn 0.8800 -0.0975 -0.4649
vn 0.2578 0.9565 -0.1362
vn 0.8464 -0.2890 -0.4472
vn 0.4184 0.8810 -0.2210
vn 0.7806 -0.4696 -0.4124
vn 0.5625 0.7715 -0.2972
vn 0.6848 -0.6326 -0.3618
vn 0.9538 -0.0975 -0.2843
vn 0.2794 0.9565 -0.0833
vn 0.9174 -0.2890 -0.2735
vn 0.4534 0.8810 -0.1352
vn 0.8461 -0.4696 -0.2522
vn 0.6097 0.7715 -0.1818
vn 0.7422 -0.6326 -0.2213
vn 0.7422 0.6326 -0.2213
vn 0.6097 -0.7715 -0.1818
vn 0.8461 0.4696 -0.2522
vn 0.4534 -0.8810 -0.1352
vn 0.9174 0.2890 -0.2735
vn 0.2794 -0.9565 -0.0833
vn 0.9538 0.0975 -0.2843
vn 0.0944 0.9951 -0.0281
vn 0.0944 -0.9951 -0.0281
vn 0.6335 -0.7715 -0.0593
vn 0.8790 0.4696 -0.0823
vn 0.4711 -0.8810 -0.0441
vn 0.9532 0.2890 -0.0893
vn 0.2903 -0.9565 -0.0272
vn 0.9909 0.0975 -0.0928
vn 0.0981 0.9951 -0.0092
vn 0.0981 -0.9951 -0.0092
vn 0.9909 -0.0975 -0.0928
vn 0.2903 0.9565 -0.0272
vn 0.9532 -0.2890 -0.0893
vn 0.4711 0.8810 -0.0441
vn 0.8790 -0.4696 -0.0823
vn 0.6335 0.7715 -0.0593
vn 0.7711 -0.6326 -0.0722
vn 0.7711 0.6326 -0.0722
vn 0.9523 -0.2890 0.0984
vn 0.4707 0.8810 0.0486
vn 0.8782 -0.4696 0.0908
vn 0.6329 0.7715 0.0654
vn 0.7704 -0.6326 0.0796
vn 0.7704 0.6326 0.0796
vn 0.6329 -0.7715 0.0654
vn 0.8782 0.4696 0.0908
vn 0.4707 -0.8810 0.0486
vn 0.9523 0.2890 0.0984
vn 0.2900 -0.9565 0.0300
vn 0.9900 0.0975 0.1023
vn 0.0980 0.9951 0.0101
vn 0.0980 -0.9951 0.0101
vn 0.9900 -0.0975 0.1023
vn 0.2900 0.9565 0.0300
vn 0.4521 -0.8810 0.1395
vn 0.9148 0.2890 0.2823
vn 0.2786 -0.9565 0.0860
vn 0.9510 0.0975 0.2935
vn 0.0941 0.9951 0.0290
vn 0.0941 -0.9951 0.0290
vn 0.9510 -0.0975 0.2935
vn 0.2786 0.9565 0.0860
vn 0.9148 -0.2890 0.2823
vn 0.4521 0.8810 0.1395
vn 0.8436 -0.4696 0.2603
vn 0.6079 0.7715 0.1876
vn 0.7401 -0.6326 0.2284
vn 0.7401 0.6326 0.2284
vn 0.6079 -0.7715 0.1876
vn 0.8436 0.4696 0.2603
vn 0.4162 0.8810 0.2251
vn 0.7766 -0.4696 0.4199
vn 0.5596 0.7715 0.3026
vn 0.6813 -0.6326 0.3684
vn 0.6813 0.6326 0.3684
vn 0.5596 -0.7715 0.3026
vn 0.7766 0.4696 0.4199
vn 0.4162 -0.8810 0.2251
vn 0.8421 0.2890 0.4553
vn 0.2565 -0.9565 0.1387
vn 0.8754 0.0975 0.4734
vn 0.0866 0.9951 0.0468
vn 0.0866 -0.9951 0.0468
vn 0.8754 -0.0975 0.4734
vn 0.2565 0.9565 0.1387
vn 0.8421 -0.2890 0.4553
vn 0.7371 0.2890 0.6109
vn 0.2245 -0.9565 0.1861
vn 0.7663 0.0975 0.6351
vn 0.0758 0.9951 0.0628
vn 0.0758 -0.9951 0.0628
vn 0.7663 -0.0975 0.6351
vn 0.2245 0.9565 0.1861
vn 0.7371 -0.2890 0.6109
vn 0.3643 0.8810 0.3019
vn 0.6798 -0.4696 0.5634
vn 0.4899 0.7715 0.4060
vn 0.5963 -0.6326 0.4942
vn 0.5963 0.6326 0.4942
vn 0.4899 -0.7715 0.4060
vn 0.6798 0.4696 0.5634
vn 0.3643 -0.8810 0.3019
vn 0.5568 -0.4696 0.6851
vn 0.4012 0.7715 0.4937
vn 0.4885 -0.6326 0.6011
vn 0.4885 0.6326 0.6011
vn 0.4012 -0.7715 0.4937
vn 0.5568 0.4696 0.6851
vn 0.2984 -0.8810 0.3672
vn 0.6038 0.2890 0.7429
vn 0.1839 -0.9566 0.2263
vn 0.6277 0.0975 0.7724
vn 0.0621 0.9951 0.0764
vn 0.0621 -0.9951 0.0764
vn 0.6277 -0.0975 0.7724
vn 0.1839 0.9565 0.2263
vn 0.6038 -0.2890 0.7429
vn 0.2984 0.8810 0.3672
vn 0.1362 -0.9565 0.2578
vn 0.4649 0.0975 0.8800
vn 0.0460 0.9951 0.0871
vn 0.0460 -0.9951 0.0871
vn 0.4649 -0.0975 0.8800
vn 0.1362 0.9565 0.2578
vn 0.4472 -0.2890 0.8464
vn 0.2210 0.8810 0.4184
vn 0.4124 -0.4696 0.7806
vn 0.2972 0.7715 0.5625
vn 0.3618 -0.6326 0.6848
vn 0.3618 0.6326 0.6848
vn 0.2972 -0.7715 0.5625
vn 0.4124 0.4696 0.7806
vn 0.2210 -0.8810 0.4184
vn 0.4472 0.2890 0.8464
vn 0.1818 0.7715 0.6097
vn 0.2213 -0.6326 0.7422
vn 0.2213 0.6326 0.7422
vn 0.1818 -0.7715 0.6097
vn 0.2522 0.4696 0.8461
vn 0.1352 -0.8810 0.4534
vn 0.2735 0.2890 0.9174
vn 0.0833 -0.9565 0.2794
vn 0.2843 0.0975 0.9538
vn 0.0281 0.9951 0.0944
vn 0.0281 -0.9951 0.0944
vn 0.2843 -0.0975 0.9538
vn 0.0833 0.9565 0.2794
vn 0.2735 -0.2890 0.9174
vn 0.1352 0.8810 0.4534
vn 0.2522 -0.4696 0.8461
vn 0.0928 0.0975 0.9909
vn 0.0092 0.9951 0.0981
vn 0.0092 -0.9951 0.0981
vn 0.0928 -0.0975 0.9909
vn 0.0272 0.9565 0.2903
vn 0.0893 -0.2890 0.9532
vn 0.0441 0.8810 0.4711
vn 0.0823 -0.4696 0.8790
vn 0.0593 0.7715 0.6335
vn 0.0722 -0.6326 0.7711
vn 0.0722 0.6326 0.7711
vn 0.0593 -0.7715 0.6335
vn 0.0823 0.4696 0.8790
vn 0.0441 -0.8810 0.4711
vn 0.0893 0.2890 0.9532
vn 0.0272 -0.9565 0.2903
vn -0.0796 -0.6326 0.7704
vn -0.0796 0.6326 0.7704
vn -0.0654 -0.7715 0.6329
vn -0.0908 0.4696 0.8782
vn -0.0486 -0.8810 0.4707
vn -0.0984 0.2890 0.9523
vn -0.0300 -0.9565 0.2900
vn -0.1023 0.0975 0.9900
vn -0.0101 0.9951 0.0980
vn -0.0101 -0.9951 0.0980
vn -0.1023 -0.0975 0.9900
vn -0.0300 0.9565 0.2900
vn -0.0984 -0.2890 0.9523
vn -0.0486 0.8810 0.4707
vn -0.0908 -0.4696 0.8782
vn -0.0654 0.7715 0.6329
vn -0.0290 -0.9951 0.0941
vn -0.2935 -0.0975 0.9510
vn -0.0860 0.9565 0.2786
vn -0.2823 -0.2890 0.9148
vn -0.1395 0.8810 0.4521
vn -0.2603 -0.4696 0.8436
vn -0.1876 0.7715 0.6079
vn -0.2284 -0.6326 0.7401
vn -0.2284 0.6326 0.7401
vn -0.1876 -0.7715 0.6079
vn -0.2603 0.4696 0.8436
vn -0.1395 -0.8810 0.4521
vn -0.2823 0.2890 0.9148
vn -0.0860 -0.9565 0.2786
vn -0.2935 0.0975 0.9510
vn -0.0290 0.9951 0.0941
vn -0.3026 -0.7715 0.5596
vn -0.4199 0.4696 0.7766
vn -0.2251 -0.8810 0.4162
vn -0.4553 0.2890 0.8421
vn -0.1387 -0.9565 0.2565
vn -0.4734 0.0975 0.8754
vn -0.0468 0.9951 0.0866
vn -0.0468 -0.9951 0.0866
vn -0.4734 -0.0975 0.8754
vn -0.1387 0.9565 0.2565
vn -0.4553 -0.2890 0.8421
vn -0.2251 0.8810 0.4162
vn -0.4199 -0.4696 0.7766
vn -0.3026 0.7715 0.5596
vn -0.3684 -0.6326 0.6813
vn -0.3684 0.6326 0.6813
vn -0.1861 0.9565 0.2245
vn -0.6109 -0.2890 0.7371
vn -0.3019 0.8810 0.3643
vn -0.5634 -0.4696 0.6798
vn -0.4060 0.7715 0.4899
vn -0.4942 -0.6326 0.5963
vn -0.4942 0.6326 0.5963
vn -0.4060 -0.7715 0.4899
vn -0.5634 0.4696 0.6798
vn -0.3019 -0.8810 0.3643
vn -0.6109 0.2890 0.7371
vn -0.1861 -0.9565 0.2245
vn -0.6351 0.0975 0.7663
vn -0.0628 0.9951 0.0758
vn -0.0628 -0.9951 0.0758
vn -0.6351 -0.0975 0.7663
vn -0.6851 0.4696 0.5568
vn -0.3672 -0.8810 0.2984
vn -0.7429 0.2890 0.6038
vn -0.2263 -0.9565 0.1839
vn -0.7724 0.0975 0.6277
vn -0.0764 0.9951 0.0621
vn -0.0764 -0.9951 0.0621
vn -0.7724 -0.0975 0.6277
vn -0.2263 0.9565 0.1839
vn -0.7429 -0.2890 0.6038
vn -0.3672 0.8810 0.2984
vn -0.6851 -0.4696 0.5568
vn -0.4937 0.7715 0.4012
vn -0.6011 -0.6326 0.4885
vn -0.6011 0.6326 0.4885
vn -0.4937 -0.7715 0.4012
vn -0.8464 -0.2890 0.4472
vn -0.4184 0.8810 0.2210
vn -0.7806 -0.4696 0.4124
vn -0.5625 0.7715 0.2972
vn -0.6848 -0.6326 0.3618
vn -0.6848 0.6326 0.3618
vn -0.5625 -0.7715 0.2972
vn -0.7806 0.4696 0.4124
vn -0.4184 -0.8810 0.2210
vn -0.8464 0.2890 0.4472
vn -0.2578 -0.9565 0.1362
vn -0.8800 0.0975 0.4649
vn -0.0871 0.9951 0.0460
vn -0.0871 -0.9951 0.0460
vn -0.8800 -0.0975 0.4649
vn -0.2578 0.9565 0.1362
vn -0.4534 -0.8810 0.1352
vn -0.9174 0.2890 0.2735
vn -0.2794 -0.9565 0.0833
vn -0.9538 0.0975 0.2843
vn -0.0944 0.9951 0.0281
vn -0.0944 -0.9951 0.0281
vn -0.9538 -0.0975 0.2843
vn -0.2794 0.9565 0.0833
vn -0.9174 -0.2890 0.2735
vn -0.4534 0.8810 0.1352
vn -0.8461 -0.4696 0.2522
vn -0.6097 0.7715 0.1818
vn -0.7422 -0.6326 0.2213
vn -0.7422 0.6326 0.2213
vn -0.6097 -0.7715 0.1818
vn -0.8461 0.4696 0.2522
vn -0.4711 0.8810 0.0441
vn -0.8790 -0.4696 0.0823
vn -0.6335 0.7715 0.0593
vn -0.7711 -0.6326 0.0722
vn -0.7711 0.6326 0.0722
vn -0.6335 -0.7715 0.0593
vn -0.8790 0.4696 0.0823
vn -0.4711 -0.8810 0.0441
vn -0.9532 0.2890 0.0893
vn -0.2903 -0.9565 0.0272
vn -0.9909 0.0975 0.0928
vn -0.0981 0.9951 0.0092
vn -0.0981 -0.9951 0.0092
vn -0.9909 -0.0975 0.0928
vn -0.2903 0.9565 0.0272
vn -0.9532 -0.2890 0.0893
vn 0.7113 0.0667 -0.6997
vn 0.6840 0.2040 -0.7003
vn 0.6305 0.3332 -0.7010
vn 0.5528 0.4495 -0.7017
vn 0.4538 0.5485 -0.7023
vn 0.3375 0.6262 -0.7028
vn 0.2082 0.6798 -0.7033
vn 0.0710 0.7070 -0.7036
vn -0.0689 0.7070 -0.7038
vn -0.2061 0.6798 -0.7039
vn -0.3354 0.6262 -0.7038
vn -0.4517 0.5485 -0.7037
vn -0.5506 0.4495 -0.7034
vn -0.6284 0.3332 -0.7029
vn -0.6819 0.2040 -0.7024
vn -0.7092 0.0667 -0.7018
vn -0.7092 -0.0732 -0.7012
vn -0.6819 -0.2104 -0.7005
vn -0.6284 -0.3397 -0.6998
vn -0.5506 -0.4560 -0.6992
vn -0.4517 -0.5549 -0.6986
vn -0.3354 -0.6327 -0.6980
vn -0.2061 -0.6862 -0.6976
vn -0.0689 -0.7135 -0.6973
vn 0.0710 -0.7135 -0.6971
vn 0.2082 -0.6862 -0.6970
vn 0.3375 -0.6327 -0.6970
vn 0.4538 -0.5549 -0.6972
vn 0.5528 -0.4560 -0.6975
vn 0.6305 -0.3397 -0.6979
vn 0.0015 -0.0046 -1.0000
vn 0.6840 -0.2104 -0.6984
vn 0.7113 -0.0732 -0.6990
vn -0.0015 0.0046 1.0000
vn 0.9952 -0.0980 0.0020
vn 0.9569 -0.2903 0.0028
vn 0.8819 -0.4714 0.0035
vn 0.7730 -0.6344 0.0041
vn 0.6344 -0.7730 0.0045
vn 0.4714 -0.8819 0.0048
vn 0.2903 -0.9569 0.0048
vn 0.0980 -0.9952 0.0047
vn -0.0980 -0.9952 0.0044
vn -0.2903 -0.9569 0.0040
vn -0.4714 -0.8819 0.0033
vn -0.6344 -0.7730 0.0026
vn -0.7730 -0.6344 0.0017
vn -0.8819 -0.4714 0.0008
vn -0.9569 -0.2903 -0.0001
vn -0.9952 -0.0980 -0.0011
vn -0.9952 0.0980 -0.0020
vn -0.9569 0.2903 -0.0028
vn -0.8819 0.4714 -0.0035
vn -0.7730 0.6344 -0.0041
vn -0.6344 0.7730 -0.0045
vn -0.4714 0.8819 -0.0048
vn -0.2903 0.9569 -0.0048
vn -0.0980 0.9952 -0.0047
vn 0.0980 0.9952 -0.0044
vn 0.2903 0.9569 -0.0040
vn 0.4714 0.8819 -0.0033
vn 0.6344 0.7730 -0.0026
vn 0.7730 0.6344 -0.0017
vn 0.8819 0.4714 -0.0008
vn 0.9569 0.2903 0.0001
vn 0.9952 0.0980 0.0011
vn 0.4842 0.0435 -0.8739
vn 0.4657 0.1368 -0.8743
vn 0.4293 0.2247 -0.8748
vn 0.3764 0.3038 -0.8752
vn 0.3092 0.3711 -0.8756
vn 0.2301 0.4239 -0.8760
vn 0.1422 0.4603 -0.8763
vn 0.0489 0.4789 -0.8765
vn -0.0462 0.4789 -0.8767
vn -0.1395 0.4603 -0.8767
vn -0.2274 0.4239 -0.8767
vn -0.3065 0.3711 -0.8766
vn -0.3738 0.3038 -0.8764
vn -0.4266 0.2247 -0.8761
vn -0.4630 0.1368 -0.8757
vn -0.4816 0.0435 -0.8753
vn -0.4816 -0.0516 -0.8749
vn -0.4630 -0.1449 -0.8744
vn -0.4266 -0.2328 -0.8740
vn -0.3738 -0.3118 -0.8735
vn -0.3065 -0.3791 -0.8731
vn -0.2274 -0.4320 -0.8728
vn -0.1395 -0.4684 -0.8725
vn -0.0462 -0.4869 -0.8722
vn 0.0489 -0.4869 -0.8721
vn 0.1422 -0.4684 -0.8720
vn 0.2301 -0.4320 -0.8721
vn 0.3091 -0.3791 -0.8722
vn 0.3764 -0.3118 -0.8724
vn 0.4293 -0.2328 -0.8727
vn 0.4657 -0.1449 -0.8730
vn 0.4842 -0.0516 -0.8734
vn 0.9941 -0.0977 0.0460
vn 0.9559 -0.2898 0.0468
vn 0.8810 -0.4707 0.0476
vn 0.7722 -0.6336 0.0481
vn 0.6337 -0.7721 0.0486
vn 0.4709 -0.8809 0.0488
vn 0.2899 -0.9558 0.0489
vn 0.0978 -0.9940 0.0488
vn -0.0980 -0.9940 0.0485
vn -0.2901 -0.9558 0.0480
vn -0.4710 -0.8809 0.0474
vn -0.6338 -0.7721 0.0466
vn -0.7723 -0.6336 0.0458
vn -0.8811 -0.4707 0.0449
vn -0.9561 -0.2898 0.0439
vn -0.9943 -0.0977 0.0430
vn -0.9943 0.0981 0.0421
vn -0.9561 0.2902 0.0413
vn -0.8811 0.4711 0.0405
vn -0.7723 0.6340 0.0400
vn -0.6338 0.7725 0.0395
vn -0.4710 0.8813 0.0393
vn -0.2901 0.9562 0.0392
vn -0.0980 0.9944 0.0393
vn 0.0979 0.9944 0.0396
vn 0.2899 0.9562 0.0401
vn 0.4709 0.8813 0.0407
vn 0.6337 0.7725 0.0415
vn 0.7722 0.6340 0.0423
vn 0.8810 0.4711 0.0432
vn 0.9559 0.2902 0.0442
vn 0.9942 0.0981 0.0451
vn 0.6337 -0.7720 0.0486
vn 0.0979 -0.9940 0.0488
vn -0.6339 -0.7720 0.0466
vn 0.9942 -0.0977 0.0440
vn 0.9560 -0.2898 0.0448
vn 0.8811 -0.4708 0.0456
vn 0.7723 -0.6336 0.0461
vn 0.6338 -0.7721 0.0466
vn 0.4709 -0.8809 0.0468
vn 0.2900 -0.9559 0.0469
vn 0.0979 -0.9941 0.0468
vn -0.0980 -0.9941 0.0465
vn -0.2901 -0.9559 0.0460
vn -0.4710 -0.8809 0.0454
vn -0.6339 -0.7721 0.0446
vn -0.7724 -0.6336 0.0438
vn -0.8812 -0.4708 0.0429
vn -0.9562 -0.2898 0.0419
vn -0.9944 -0.0977 0.0410
vn -0.9944 0.0981 0.0401
vn -0.9562 0.2902 0.0393
vn -0.8812 0.4712 0.0385
vn -0.7724 0.6340 0.0380
vn -0.6339 0.7725 0.0375
vn -0.4710 0.8813 0.0373
vn -0.2901 0.9563 0.0372
vn -0.0980 0.9945 0.0373
vn 0.0979 0.9945 0.0376
vn 0.2900 0.9563 0.0381
vn 0.4709 0.8813 0.0387
vn 0.6338 0.7725 0.0395
vn 0.7723 0.6340 0.0403
vn 0.8811 0.4712 0.0412
vn 0.9560 0.2902 0.0422
vn 0.9942 0.0981 0.0431
vn 0.9693 -0.0965 -0.2260
vn 0.9321 -0.2837 -0.2251
vn 0.8591 -0.4600 -0.2245
vn 0.7530 -0.6187 -0.2239
vn 0.6180 -0.7537 -0.2235
vn 0.4593 -0.8598 -0.2232
vn 0.2830 -0.9328 -0.2232
vn 0.0958 -0.9700 -0.2233
vn -0.0951 -0.9700 -0.2235
vn -0.2823 -0.9328 -0.2240
vn -0.4587 -0.8598 -0.2246
vn -0.6174 -0.7537 -0.2253
vn -0.7523 -0.6187 -0.2262
vn -0.8584 -0.4600 -0.2271
vn -0.9314 -0.2837 -0.2280
vn -0.9687 -0.0965 -0.2289
vn -0.9687 0.0944 -0.2298
vn -0.9314 0.2816 -0.2306
vn -0.8584 0.4579 -0.2313
vn -0.7523 0.6166 -0.2318
vn -0.6173 0.7516 -0.2323
vn -0.4586 0.8577 -0.2325
vn -0.2823 0.9307 -0.2326
vn -0.0951 0.9679 -0.2325
vn 0.0958 0.9679 -0.2322
vn 0.2830 0.9307 -0.2317
vn 0.4593 0.8577 -0.2311
vn 0.6181 0.7516 -0.2304
vn 0.7530 0.6166 -0.2296
vn 0.8591 0.4579 -0.2287
vn 0.9321 0.2816 -0.2278
vn 0.9693 0.0944 -0.2268
vn 0.6840 0.2039 -0.7004
vn 0.5528 0.4496 -0.7017
vn 0.2083 0.6797 -0.7033
vn -0.5507 0.4495 -0.7033
vn -0.4518 -0.5549 -0.6986
vn 0.0017 -0.0046 -1.0000
vn 0.0013 -0.0046 -1.0000
vn 0.0016 -0.0046 -1.0000
vn 0.0016 -0.0048 -1.0000
vn 0.0015 -0.0045 -1.0000
vn 0.0017 -0.0045 -1.0000
vn 0.0019 -0.0046 -1.0000
vn 0.0014 -0.0045 -1.0000
vn 0.0015 -0.0044 -1.0000
vn 0.0014 -0.0047 -1.0000
vn 0.0015 -0.0047 -1.0000
vn 0.7114 -0.0732 -0.6990
vn -0.3738 -0.3119 -0.8735
vn 0.3764 -0.3119 -0.8724
vn 0.9942 -0.0977 0.0460
vn -0.6338 -0.7720 0.0466
vn 0.9321 -0.2837 -0.2252
vn 0.8591 -0.4600 -0.2244
vn 0.2830 -0.9328 -0.2231
vn -0.0951 -0.9700 -0.2236
vn -0.7523 0.6166 -0.2319
vn -0.9934 -0.0000 -0.1145
vn -0.9452 -0.0000 -0.3265
vn -0.8553 -0.0000 -0.5181
vn -0.7327 -0.0000 -0.6806
vn -0.5868 -0.0000 -0.8097
vn -0.4261 -0.0000 -0.9047
vn -0.2566 -0.0000 -0.9665
vn -0.0827 -0.0000 -0.9966
vn 0.0923 -0.0000 -0.9957
vn 0.2659 -0.0000 -0.9640
vn 0.4347 -0.0000 -0.9006
vn 0.5946 -0.0000 -0.8040
vn 0.7392 -0.0000 -0.6735
vn 0.8603 -0.0000 -0.5098
vn 0.9483 -0.0000 -0.3174
vn 0.9945 -0.0000 -0.1050
vn 0.9934 -0.0000 0.1145
vn 0.9452 -0.0000 0.3265
vn 0.8553 -0.0000 0.5181
vn 0.7327 -0.0000 0.6806
vn 0.5868 -0.0000 0.8097
vn 0.4261 -0.0000 0.9047
vn 0.2566 -0.0000 0.9665
vn 0.0827 -0.0000 0.9966
vn -0.0923 -0.0000 0.9957
vn -0.2659 -0.0000 0.9640
vn -0.4347 -0.0000 0.9006
vn -0.5946 -0.0000 0.8040
vn -0.7392 -0.0000 0.6735
vn -0.8603 -0.0000 0.5098
vn -0.0000 1.0000 -0.0000
vn -0.9483 -0.0000 0.3174
vn -0.9945 -0.0000 0.1050
vn -0.0000 -1.0000 -0.0000
vn 0.9950 -0.0000 0.0995
vn 0.9565 -0.0000 0.2917
vn 0.8812 -0.0000 0.4727
vn 0.7720 -0.0000 0.6356
vn 0.6332 -0.0000 0.7740
vn 0.4701 -0.0000 0.8826
vn 0.2888 -0.0000 0.9574
vn 0.0965 -0.0000 0.9953
vn -0.0995 -0.0000 0.9950
vn -0.2917 -0.0000 0.9565
vn -0.4727 -0.0000 0.8812
vn -0.6356 -0.0000 0.7720
vn -0.7740 -0.0000 0.6332
vn -0.8826 -0.0000 0.4701
vn -0.9574 -0.0000 0.2888
vn -0.9953 -0.0000 0.0965
vn -0.9950 -0.0000 -0.0995
vn -0.9565 -0.0000 -0.2917
vn -0.8812 -0.0000 -0.4727
vn -0.7720 -0.0000 -0.6356
vn -0.6332 -0.0000 -0.7740
vn -0.4701 -0.0000 -0.8826
vn -0.2888 -0.0000 -0.9574
vn -0.0965 -0.0000 -0.9953
vn 0.0995 -0.0000 -0.9950
vn 0.2917 -0.0000 -0.9565
vn 0.4727 -0.0000 -0.8812
vn 0.6356 -0.0000 -0.7720
vn 0.7740 -0.0000 -0.6332
vn 0.8826 -0.0000 -0.4701
vn 0.9574 -0.0000 -0.2888
vn 0.9953 -0.0000 -0.0965
vn -0.9900 0.0976 -0.1023
vn -0.9900 -0.0975 -0.1023
vn -0.1839 -0.9565 -0.2263
vn 0.1387 -0.9565 -0.2565
vn 0.1839 -0.9565 0.2263
vn 0.1839 0.9566 0.2263
vn -0.6334 0.7715 0.0593
vn -0.6334 -0.7715 0.0593
vn -0.0000 -1.0000 -0.0001
vn -0.0000 -1.0000 0.0001
vt 0.268519 0.161561
vt 0.257823 0.140170
vt 0.268519 0.140170
vt 0.268519 0.289911
vt 0.257823 0.311302
vt 0.257823 0.289911
vt 0.257823 0.118778
vt 0.268519 0.118778
vt 0.268519 0.268519
vt 0.257823 0.268519
vt 0.268519 0.097387
vt 0.257823 0.097387
vt 0.257823 0.247128
vt 0.268519 0.247128
vt 0.257823 0.075995
vt 0.268519 0.075995
vt 0.268519 0.225736
vt 0.257823 0.225736
vt 0.257823 0.054603
vt 0.268519 0.054603
vt 0.268519 0.204345
vt 0.257823 0.204345
vt 0.257823 0.033212
vt 0.268519 0.033212
vt 0.257823 0.182953
vt 0.268519 0.182953
vt 0.268519 0.332694
vt 0.263171 0.354086
vt 0.257823 0.332694
vt 0.263171 0.011820
vt 0.257823 0.161561
vt 0.268519 0.311302
vt 0.247128 0.161561
vt 0.247128 0.311302
vt 0.247128 0.140170
vt 0.247128 0.289911
vt 0.247128 0.118778
vt 0.247128 0.268519
vt 0.247128 0.097387
vt 0.247128 0.247128
vt 0.247128 0.075995
vt 0.247128 0.225736
vt 0.247128 0.054603
vt 0.247128 0.204345
vt 0.247128 0.033212
vt 0.247128 0.182953
vt 0.252476 0.354086
vt 0.247128 0.332694
vt 0.252476 0.011820
vt 0.236432 0.097387
vt 0.236432 0.075995
vt 0.236432 0.225736
vt 0.236432 0.054603
vt 0.236432 0.204345
vt 0.236432 0.033212
vt 0.236432 0.182953
vt 0.241780 0.354086
vt 0.236432 0.332694
vt 0.241780 0.011820
vt 0.236432 0.161561
vt 0.236432 0.311302
vt 0.236432 0.140170
vt 0.236432 0.289911
vt 0.236432 0.118778
vt 0.236432 0.268519
vt 0.236432 0.247128
vt 0.225736 0.311302
vt 0.225736 0.140170
vt 0.225736 0.289911
vt 0.225736 0.118778
vt 0.225736 0.268519
vt 0.225736 0.097387
vt 0.225736 0.247128
vt 0.225736 0.075995
vt 0.225736 0.225736
vt 0.225736 0.054603
vt 0.225736 0.204345
vt 0.225736 0.033212
vt 0.225736 0.182953
vt 0.231084 0.354086
vt 0.225736 0.332694
vt 0.231084 0.011820
vt 0.225736 0.161561
vt 0.215040 0.225736
vt 0.215040 0.054603
vt 0.215040 0.204345
vt 0.215040 0.033212
vt 0.215040 0.182953
vt 0.220388 0.354086
vt 0.215040 0.332694
vt 0.220388 0.011820
vt 0.215040 0.161561
vt 0.215040 0.311302
vt 0.215040 0.140170
vt 0.215040 0.289911
vt 0.215040 0.118778
vt 0.215040 0.268519
vt 0.215040 0.097387
vt 0.215040 0.247128
vt 0.215040 0.075995
vt 0.204345 0.140170
vt 0.204345 0.289911
vt 0.204345 0.118778
vt 0.204345 0.268519
vt 0.204345 0.097387
vt 0.204345 0.247128
vt 0.204345 0.075995
vt 0.204345 0.225736
vt 0.204345 0.054603
vt 0.204345 0.204345
vt 0.204345 0.033212
vt 0.204345 0.182953
vt 0.209692 0.354086
vt 0.204345 0.332694
vt 0.209692 0.011820
vt 0.204345 0.161561
vt 0.204345 0.311302
vt 0.193649 0.054603
vt 0.193649 0.225736
vt 0.193649 0.204345
vt 0.193649 0.033212
vt 0.193649 0.182953
vt 0.198997 0.354086
vt 0.193649 0.332694
vt 0.198997 0.011820
vt 0.193649 0.161561
vt 0.193649 0.311302
vt 0.193649 0.140170
vt 0.193649 0.289911
vt 0.193649 0.118778
vt 0.193649 0.268519
vt 0.193649 0.097387
vt 0.193649 0.247128
vt 0.193649 0.075995
vt 0.182953 0.140170
vt 0.182953 0.118778
vt 0.182953 0.268519
vt 0.182953 0.097387
vt 0.182953 0.247128
vt 0.182953 0.075995
vt 0.182953 0.225736
vt 0.182953 0.054603
vt 0.182953 0.204345
vt 0.182953 0.033212
vt 0.182953 0.182953
vt 0.188301 0.354086
vt 0.182953 0.332694
vt 0.188301 0.011820
vt 0.182953 0.161561
vt 0.182953 0.311302
vt 0.182953 0.289911
vt 0.172257 0.033212
vt 0.172257 0.204345
vt 0.172257 0.182953
vt 0.177605 0.354086
vt 0.172257 0.332694
vt 0.177605 0.011820
vt 0.172257 0.161561
vt 0.172257 0.311302
vt 0.172257 0.140170
vt 0.172257 0.289911
vt 0.172257 0.118778
vt 0.172257 0.268519
vt 0.172257 0.097387
vt 0.172257 0.247128
vt 0.172257 0.075995
vt 0.172257 0.225736
vt 0.172257 0.054603
vt 0.161561 0.268519
vt 0.161561 0.097387
vt 0.161561 0.247128
vt 0.161561 0.075995
vt 0.161561 0.225736
vt 0.161561 0.054603
vt 0.161561 0.204345
vt 0.161561 0.033212
vt 0.161561 0.182953
vt 0.166909 0.354086
vt 0.161561 0.332694
vt 0.166909 0.011820
vt 0.161561 0.161561
vt 0.161561 0.311302
vt 0.161561 0.140170
vt 0.161561 0.289911
vt 0.161561 0.118778
vt 0.150866 0.204345
vt 0.150866 0.182953
vt 0.156213 0.354086
vt 0.150866 0.332694
vt 0.156213 0.011820
vt 0.150866 0.033212
vt 0.150866 0.161561
vt 0.150866 0.311302
vt 0.150866 0.140170
vt 0.150866 0.289911
vt 0.150866 0.118778
vt 0.150866 0.268519
vt 0.150866 0.097387
vt 0.150866 0.247128
vt 0.150866 0.075995
vt 0.150866 0.225736
vt 0.150866 0.054603
vt 0.140170 0.097387
vt 0.140170 0.268519
vt 0.140170 0.247128
vt 0.140170 0.075995
vt 0.140170 0.225736
vt 0.140170 0.054603
vt 0.140170 0.204345
vt 0.140170 0.033212
vt 0.140170 0.182953
vt 0.145518 0.354086
vt 0.140170 0.332694
vt 0.145518 0.011820
vt 0.140170 0.161561
vt 0.140170 0.311302
vt 0.140170 0.140170
vt 0.140170 0.289911
vt 0.140170 0.118778
vt 0.134822 0.354086
vt 0.129474 0.332694
vt 0.134822 0.011820
vt 0.129474 0.033212
vt 0.129474 0.161561
vt 0.129474 0.311302
vt 0.129474 0.140170
vt 0.129474 0.289911
vt 0.129474 0.118778
vt 0.129474 0.268519
vt 0.129474 0.097387
vt 0.129474 0.247128
vt 0.129474 0.075995
vt 0.129474 0.225736
vt 0.129474 0.054603
vt 0.129474 0.204345
vt 0.129474 0.182953
vt 0.118778 0.268519
vt 0.118778 0.247128
vt 0.118778 0.097387
vt 0.118778 0.075995
vt 0.118778 0.225736
vt 0.118778 0.054603
vt 0.118778 0.204345
vt 0.118778 0.033212
vt 0.118778 0.182953
vt 0.124126 0.354086
vt 0.118778 0.332694
vt 0.124126 0.011820
vt 0.118778 0.161561
vt 0.118778 0.311302
vt 0.118778 0.140170
vt 0.118778 0.289911
vt 0.118778 0.118778
vt 0.108082 0.161561
vt 0.108082 0.311302
vt 0.108082 0.140170
vt 0.108082 0.289911
vt 0.108082 0.118778
vt 0.108082 0.268519
vt 0.108082 0.097387
vt 0.108082 0.247128
vt 0.108082 0.075995
vt 0.108082 0.225736
vt 0.108082 0.054603
vt 0.108082 0.204345
vt 0.108082 0.033212
vt 0.108082 0.182953
vt 0.113430 0.354086
vt 0.108082 0.332694
vt 0.113430 0.011820
vt 0.097387 0.097387
vt 0.097387 0.075995
vt 0.097387 0.225736
vt 0.097387 0.054603
vt 0.097387 0.204345
vt 0.097387 0.033212
vt 0.097387 0.182953
vt 0.102734 0.354086
vt 0.097387 0.332694
vt 0.102734 0.011820
vt 0.097387 0.161561
vt 0.097387 0.311302
vt 0.097387 0.140170
vt 0.097387 0.289911
vt 0.097387 0.118778
vt 0.097387 0.268519
vt 0.097387 0.247128
vt 0.086691 0.140170
vt 0.086691 0.311302
vt 0.086691 0.289911
vt 0.086691 0.118778
vt 0.086691 0.268519
vt 0.086691 0.097387
vt 0.086691 0.247128
vt 0.086691 0.075995
vt 0.086691 0.225736
vt 0.086691 0.054603
vt 0.086691 0.204345
vt 0.086691 0.033212
vt 0.086691 0.182953
vt 0.092039 0.354086
vt 0.086691 0.332694
vt 0.092039 0.011820
vt 0.086691 0.161561
vt 0.075995 0.075995
vt 0.075995 0.054603
vt 0.075995 0.225736
vt 0.075995 0.204345
vt 0.075995 0.033212
vt 0.075995 0.182953
vt 0.081343 0.354086
vt 0.075995 0.332694
vt 0.081343 0.011820
vt 0.075995 0.161561
vt 0.075995 0.311302
vt 0.075995 0.140170
vt 0.075995 0.289911
vt 0.075995 0.118778
vt 0.075995 0.268519
vt 0.075995 0.097387
vt 0.075995 0.247128
vt 0.065299 0.289911
vt 0.065299 0.140170
vt 0.065299 0.118778
vt 0.065299 0.268519
vt 0.065299 0.097387
vt 0.065299 0.247128
vt 0.065299 0.075995
vt 0.065299 0.225736
vt 0.065299 0.054603
vt 0.065299 0.204345
vt 0.065299 0.033212
vt 0.065299 0.182953
vt 0.070647 0.354086
vt 0.065299 0.332694
vt 0.070647 0.011820
vt 0.065299 0.161561
vt 0.065299 0.311302
vt 0.054603 0.225736
vt 0.054603 0.204345
vt 0.054603 0.054603
vt 0.054603 0.033212
vt 0.054603 0.182953
vt 0.059951 0.354086
vt 0.054603 0.332694
vt 0.059951 0.011820
vt 0.054603 0.161561
vt 0.054603 0.311302
vt 0.054603 0.140170
vt 0.054603 0.289911
vt 0.054603 0.118778
vt 0.054603 0.268519
vt 0.054603 0.097387
vt 0.054603 0.247128
vt 0.054603 0.075995
vt 0.043908 0.140170
vt 0.043908 0.118778
vt 0.043908 0.268519
vt 0.043908 0.097387
vt 0.043908 0.247128
vt 0.043908 0.075995
vt 0.043908 0.225736
vt 0.043908 0.054603
vt 0.043908 0.204345
vt 0.043908 0.033212
vt 0.043908 0.182953
vt 0.049256 0.354086
vt 0.043908 0.332694
vt 0.049256 0.011820
vt 0.043908 0.161561
vt 0.043908 0.311302
vt 0.043908 0.289911
vt 0.033212 0.054603
vt 0.033212 0.033212
vt 0.033212 0.204345
vt 0.033212 0.182953
vt 0.038560 0.354086
vt 0.033212 0.332694
vt 0.038560 0.011820
vt 0.033212 0.161561
vt 0.033212 0.311302
vt 0.033212 0.140170
vt 0.033212 0.289911
vt 0.033212 0.118778
vt 0.033212 0.268519
vt 0.033212 0.097387
vt 0.033212 0.247128
vt 0.033212 0.075995
vt 0.033212 0.225736
vt 0.022516 0.268519
vt 0.022516 0.097387
vt 0.022516 0.247128
vt 0.022516 0.075995
vt 0.022516 0.225736
vt 0.022516 0.054603
vt 0.022516 0.204345
vt 0.022516 0.033212
vt 0.022516 0.182953
vt 0.027864 0.354086
vt 0.022516 0.332694
vt 0.027864 0.011820
vt 0.022516 0.161561
vt 0.022516 0.311302
vt 0.022516 0.140170
vt 0.022516 0.289911
vt 0.022516 0.118778
vt 0.011820 0.204345
vt 0.011820 0.182953
vt 0.017168 0.354086
vt 0.011820 0.332694
vt 0.017168 0.011820
vt 0.011820 0.033212
vt 0.011820 0.161561
vt 0.011820 0.311302
vt 0.011820 0.140170
vt 0.011820 0.289911
vt 0.011820 0.118778
vt 0.011820 0.268519
vt 0.011820 0.097387
vt 0.011820 0.247128
vt 0.011820 0.075995
vt 0.011820 0.225736
vt 0.011820 0.054603
vt 0.354086 0.118778
vt 0.343390 0.097387
vt 0.354086 0.097387
vt 0.354086 0.247128
vt 0.343390 0.268519
vt 0.343390 0.247128
vt 0.354086 0.075995
vt 0.343390 0.075995
vt 0.343390 0.225736
vt 0.354086 0.225736
vt 0.343390 0.054603
vt 0.354086 0.054603
vt 0.354086 0.204345
vt 0.343390 0.204345
vt 0.343390 0.033212
vt 0.354086 0.033212
vt 0.354086 0.182953
vt 0.343390 0.182953
vt 0.354086 0.332694
vt 0.348738 0.354086
vt 0.343390 0.332694
vt 0.348738 0.011820
vt 0.343390 0.161561
vt 0.354086 0.161561
vt 0.354086 0.311302
vt 0.343390 0.311302
vt 0.343390 0.140170
vt 0.354086 0.140170
vt 0.354086 0.289911
vt 0.343390 0.289911
vt 0.343390 0.118778
vt 0.354086 0.268519
vt 0.338042 0.011820
vt 0.332694 0.033212
vt 0.332694 0.161561
vt 0.332694 0.332694
vt 0.332694 0.311302
vt 0.332694 0.140170
vt 0.332694 0.289911
vt 0.332694 0.118778
vt 0.332694 0.268519
vt 0.332694 0.097387
vt 0.332694 0.247128
vt 0.332694 0.075995
vt 0.332694 0.225736
vt 0.332694 0.054603
vt 0.332694 0.204345
vt 0.332694 0.182953
vt 0.338042 0.354086
vt 0.321998 0.097387
vt 0.321998 0.075995
vt 0.321998 0.225736
vt 0.321998 0.054603
vt 0.321998 0.204345
vt 0.321998 0.033212
vt 0.321998 0.182953
vt 0.327346 0.354086
vt 0.321998 0.332694
vt 0.327346 0.011820
vt 0.321998 0.161561
vt 0.321998 0.311303
vt 0.321998 0.140170
vt 0.321998 0.289911
vt 0.321998 0.118778
vt 0.321998 0.268519
vt 0.321998 0.247128
vt 0.311302 0.311302
vt 0.311302 0.140170
vt 0.311302 0.289911
vt 0.311302 0.118778
vt 0.311302 0.268519
vt 0.311302 0.097387
vt 0.311302 0.247128
vt 0.311302 0.075995
vt 0.311302 0.225736
vt 0.311302 0.054603
vt 0.311302 0.204345
vt 0.311302 0.033212
vt 0.311302 0.182953
vt 0.316650 0.354086
vt 0.311302 0.332694
vt 0.316650 0.011820
vt 0.311302 0.161561
vt 0.300607 0.225736
vt 0.300607 0.054603
vt 0.300607 0.204345
vt 0.300607 0.033212
vt 0.300607 0.182953
vt 0.305955 0.354086
vt 0.300607 0.332694
vt 0.305955 0.011820
vt 0.300607 0.161561
vt 0.300607 0.311302
vt 0.300607 0.140170
vt 0.300607 0.289911
vt 0.300607 0.118778
vt 0.300607 0.268519
vt 0.300607 0.097387
vt 0.300607 0.247128
vt 0.300607 0.075995
vt 0.289911 0.140170
vt 0.289911 0.311302
vt 0.289911 0.289911
vt 0.289911 0.118778
vt 0.289911 0.268519
vt 0.289911 0.097387
vt 0.289911 0.247128
vt 0.289911 0.075995
vt 0.289911 0.225736
vt 0.289911 0.054603
vt 0.289911 0.204345
vt 0.289911 0.033212
vt 0.289911 0.182953
vt 0.295259 0.354086
vt 0.289911 0.332694
vt 0.295259 0.011820
vt 0.289911 0.161561
vt 0.279215 0.054603
vt 0.279215 0.225736
vt 0.279215 0.204345
vt 0.279215 0.033212
vt 0.279215 0.182953
vt 0.284563 0.354086
vt 0.279215 0.332694
vt 0.284563 0.011820
vt 0.279215 0.161561
vt 0.279215 0.311302
vt 0.279215 0.140170
vt 0.279215 0.289911
vt 0.279215 0.118778
vt 0.279215 0.268519
vt 0.279215 0.097387
vt 0.279215 0.247128
vt 0.279215 0.075995
vt 0.273867 0.354086
vt 0.273867 0.011820
vt 0.492501 0.618066
vt 0.477480 0.610460
vt 0.492501 0.610460
vt 0.462458 0.618066
vt 0.462458 0.610460
vt 0.447437 0.610460
vt 0.447437 0.618066
vt 0.432416 0.610460
vt 0.417395 0.618066
vt 0.417395 0.610460
vt 0.402373 0.618066
vt 0.402373 0.610460
vt 0.387352 0.610460
vt 0.387352 0.618066
vt 0.372331 0.610460
vt 0.372331 0.618066
vt 0.357310 0.610460
vt 0.342288 0.618066
vt 0.342288 0.610460
vt 0.327267 0.610460
vt 0.327267 0.618066
vt 0.312246 0.610460
vt 0.297224 0.618066
vt 0.297224 0.610460
vt 0.282203 0.618066
vt 0.282203 0.610460
vt 0.267182 0.610460
vt 0.252161 0.618066
vt 0.252161 0.610460
vt 0.237139 0.610460
vt 0.222118 0.618066
vt 0.222118 0.610460
vt 0.207097 0.610460
vt 0.207097 0.618066
vt 0.192076 0.610460
vt 0.192076 0.618066
vt 0.177054 0.610460
vt 0.162033 0.618066
vt 0.162033 0.610460
vt 0.147012 0.610460
vt 0.147012 0.618066
vt 0.131990 0.610460
vt 0.131990 0.618066
vt 0.116969 0.610460
vt 0.101948 0.618066
vt 0.101948 0.610460
vt 0.086927 0.610460
vt 0.086927 0.618066
vt 0.071905 0.610460
vt 0.056884 0.618066
vt 0.056884 0.610460
vt 0.041863 0.618066
vt 0.041863 0.610460
vt 0.431885 0.345907
vt 0.380708 0.324708
vt 0.401906 0.273531
vt 0.026842 0.610460
vt 0.026842 0.618066
vt 0.011820 0.610460
vt 0.628315 0.590894
vt 0.517945 0.664641
vt 0.591692 0.775011
vt 0.026842 0.497896
vt 0.011820 0.437811
vt 0.026842 0.437811
vt 0.041863 0.497896
vt 0.041863 0.437811
vt 0.056884 0.497896
vt 0.056884 0.437811
vt 0.071905 0.497896
vt 0.071905 0.437811
vt 0.086927 0.497896
vt 0.086927 0.437811
vt 0.101948 0.497896
vt 0.101948 0.437811
vt 0.116969 0.497896
vt 0.116969 0.437811
vt 0.131990 0.497896
vt 0.131990 0.437811
vt 0.147012 0.497896
vt 0.147012 0.437811
vt 0.162033 0.497896
vt 0.162033 0.437811
vt 0.177054 0.497896
vt 0.177054 0.437811
vt 0.192076 0.497896
vt 0.192076 0.437811
vt 0.207097 0.497896
vt 0.207097 0.437811
vt 0.222118 0.497896
vt 0.222118 0.437811
vt 0.237139 0.497896
vt 0.237139 0.437811
vt 0.252161 0.497896
vt 0.252161 0.437811
vt 0.267182 0.497896
vt 0.267182 0.437811
vt 0.282203 0.497896
vt 0.282203 0.437811
vt 0.297224 0.497896
vt 0.297224 0.437811
vt 0.312246 0.497896
vt 0.312246 0.437811
vt 0.327267 0.497896
vt 0.327267 0.437811
vt 0.342288 0.497896
vt 0.342288 0.437811
vt 0.357310 0.497896
vt 0.357310 0.437811
vt 0.372331 0.497896
vt 0.372331 0.437811
vt 0.387352 0.497896
vt 0.387352 0.437811
vt 0.402373 0.497896
vt 0.402373 0.437811
vt 0.417395 0.497896
vt 0.417395 0.437811
vt 0.432416 0.497896
vt 0.432416 0.437811
vt 0.447437 0.497896
vt 0.447437 0.437811
vt 0.462458 0.497896
vt 0.462458 0.437811
vt 0.477480 0.497896
vt 0.477480 0.437811
vt 0.492501 0.497896
vt 0.492501 0.437811
vt 0.477480 0.407769
vt 0.492501 0.407769
vt 0.462458 0.407769
vt 0.447437 0.407769
vt 0.432416 0.407769
vt 0.417395 0.407769
vt 0.402373 0.407769
vt 0.387352 0.407769
vt 0.372331 0.407769
vt 0.357310 0.407769
vt 0.342288 0.407769
vt 0.327267 0.407769
vt 0.312246 0.407769
vt 0.297224 0.407769
vt 0.282203 0.407769
vt 0.267182 0.407769
vt 0.252161 0.407769
vt 0.237139 0.407769
vt 0.222118 0.407769
vt 0.207097 0.407769
vt 0.192076 0.407769
vt 0.177054 0.407769
vt 0.162033 0.407769
vt 0.147012 0.407769
vt 0.131990 0.407769
vt 0.116969 0.407769
vt 0.101948 0.407769
vt 0.086927 0.407769
vt 0.071905 0.407769
vt 0.056884 0.407769
vt 0.041863 0.407769
vt 0.026842 0.407769
vt 0.011820 0.407769
vt 0.026842 0.557218
vt 0.011820 0.497896
vt 0.056884 0.557218
vt 0.071905 0.557218
vt 0.086927 0.557218
vt 0.116969 0.557218
vt 0.147012 0.557218
vt 0.177054 0.557218
vt 0.192076 0.557218
vt 0.207097 0.557218
vt 0.237139 0.557218
vt 0.267182 0.557218
vt 0.297224 0.557218
vt 0.312246 0.557218
vt 0.327267 0.557218
vt 0.357310 0.557218
vt 0.387352 0.557218
vt 0.417395 0.557218
vt 0.432416 0.557218
vt 0.447437 0.557218
vt 0.477480 0.557218
vt 0.026842 0.587642
vt 0.011820 0.557218
vt 0.041863 0.557218
vt 0.056884 0.587642
vt 0.071905 0.587642
vt 0.086927 0.587642
vt 0.101948 0.557218
vt 0.116969 0.587642
vt 0.131990 0.557218
vt 0.147012 0.587642
vt 0.162033 0.557218
vt 0.177054 0.587642
vt 0.192076 0.587642
vt 0.207097 0.587642
vt 0.222118 0.557218
vt 0.237139 0.587642
vt 0.252161 0.557218
vt 0.267182 0.587642
vt 0.282203 0.557218
vt 0.297224 0.587642
vt 0.312246 0.587642
vt 0.327267 0.587642
vt 0.342288 0.557218
vt 0.357310 0.587642
vt 0.372331 0.557218
vt 0.387352 0.587642
vt 0.402373 0.557218
vt 0.417395 0.587642
vt 0.432416 0.587642
vt 0.447437 0.587642
vt 0.462458 0.557218
vt 0.477480 0.587642
vt 0.492501 0.557218
vt 0.026842 0.602854
vt 0.011820 0.587642
vt 0.041863 0.587642
vt 0.056884 0.602854
vt 0.071905 0.602854
vt 0.101948 0.587642
vt 0.086927 0.602854
vt 0.116969 0.602854
vt 0.131990 0.587642
vt 0.147012 0.602854
vt 0.162033 0.587642
vt 0.177054 0.602854
vt 0.192076 0.602854
vt 0.222118 0.587642
vt 0.207097 0.602854
vt 0.237139 0.602854
vt 0.252161 0.587642
vt 0.267182 0.602854
vt 0.282203 0.587642
vt 0.297224 0.602854
vt 0.312246 0.602854
vt 0.342288 0.587642
vt 0.327267 0.602854
vt 0.357310 0.602854
vt 0.372331 0.587642
vt 0.387352 0.602854
vt 0.402373 0.587642
vt 0.417395 0.602854
vt 0.432416 0.602854
vt 0.462458 0.587642
vt 0.447437 0.602854
vt 0.477480 0.602854
vt 0.492501 0.587642
vt 0.011820 0.602854
vt 0.041863 0.602854
vt 0.101948 0.602854
vt 0.131990 0.602854
vt 0.162033 0.602854
vt 0.222118 0.602854
vt 0.252161 0.602854
vt 0.282203 0.602854
vt 0.342288 0.602854
vt 0.372331 0.602854
vt 0.402373 0.602854
vt 0.462458 0.602854
vt 0.492501 0.602854
vt 0.026842 0.377726
vt 0.011820 0.377726
vt 0.041863 0.377726
vt 0.056884 0.377726
vt 0.071905 0.377726
vt 0.086927 0.377726
vt 0.101948 0.377726
vt 0.116969 0.377726
vt 0.131990 0.377726
vt 0.147012 0.377726
vt 0.162033 0.377726
vt 0.177054 0.377726
vt 0.192076 0.377726
vt 0.207097 0.377726
vt 0.222118 0.377726
vt 0.237139 0.377726
vt 0.252161 0.377726
vt 0.267182 0.377726
vt 0.282203 0.377726
vt 0.297224 0.377726
vt 0.312246 0.377726
vt 0.327267 0.377726
vt 0.342288 0.377726
vt 0.357310 0.377726
vt 0.372331 0.377726
vt 0.387352 0.377726
vt 0.402373 0.377726
vt 0.417395 0.377726
vt 0.432416 0.377726
vt 0.447437 0.377726
vt 0.462458 0.377726
vt 0.477480 0.377726
vt 0.492501 0.377726
vt 0.477480 0.618066
vt 0.432416 0.618066
vt 0.357310 0.618066
vt 0.312246 0.618066
vt 0.267182 0.618066
vt 0.237139 0.618066
vt 0.177054 0.618066
vt 0.116969 0.618066
vt 0.071905 0.618066
vt 0.424537 0.348136
vt 0.416896 0.348889
vt 0.409254 0.348136
vt 0.401906 0.345907
vt 0.395134 0.342287
vt 0.389199 0.337416
vt 0.384327 0.331480
vt 0.378479 0.317360
vt 0.380708 0.294729
vt 0.377726 0.309719
vt 0.378479 0.302077
vt 0.384327 0.287957
vt 0.389199 0.282022
vt 0.395134 0.277150
vt 0.409254 0.271302
vt 0.416896 0.270549
vt 0.424537 0.271302
vt 0.431885 0.273531
vt 0.438657 0.277150
vt 0.444593 0.282022
vt 0.449464 0.287957
vt 0.453084 0.294729
vt 0.455313 0.302077
vt 0.456066 0.309719
vt 0.455313 0.317360
vt 0.453084 0.324708
vt 0.449464 0.331480
vt 0.444593 0.337416
vt 0.438657 0.342287
vt 0.011820 0.618066
vt 0.610004 0.776815
vt 0.628315 0.775011
vt 0.645923 0.769670
vt 0.662151 0.760996
vt 0.676374 0.749323
vt 0.688047 0.735100
vt 0.696721 0.718872
vt 0.702062 0.701265
vt 0.703866 0.682953
vt 0.702062 0.664641
vt 0.696721 0.647033
vt 0.688047 0.630806
vt 0.676374 0.616582
vt 0.662151 0.604909
vt 0.645923 0.596236
vt 0.610004 0.589091
vt 0.591692 0.590894
vt 0.574084 0.596236
vt 0.557857 0.604909
vt 0.543633 0.616582
vt 0.531960 0.630806
vt 0.523286 0.647033
vt 0.516142 0.682953
vt 0.517945 0.701265
vt 0.523286 0.718872
vt 0.531960 0.735100
vt 0.543633 0.749323
vt 0.557857 0.760996
vt 0.574084 0.769670
vt 0.481997 0.876795
vt 0.467304 0.641707
vt 0.481997 0.641707
vt 0.467304 0.876795
vt 0.452611 0.641707
vt 0.452611 0.876795
vt 0.437918 0.641707
vt 0.437918 0.876795
vt 0.423225 0.641707
vt 0.423225 0.876795
vt 0.408532 0.641707
vt 0.408532 0.876795
vt 0.393839 0.641707
vt 0.393839 0.876795
vt 0.379146 0.641707
vt 0.379146 0.876795
vt 0.364453 0.641707
vt 0.364453 0.876795
vt 0.349760 0.641707
vt 0.349760 0.876795
vt 0.335067 0.641707
vt 0.335067 0.876795
vt 0.320374 0.641707
vt 0.320374 0.876795
vt 0.305681 0.641707
vt 0.305681 0.876795
vt 0.290988 0.641707
vt 0.290988 0.876795
vt 0.276295 0.641707
vt 0.276295 0.876795
vt 0.261602 0.641707
vt 0.261602 0.876795
vt 0.246909 0.641707
vt 0.246909 0.876795
vt 0.232216 0.641707
vt 0.232216 0.876795
vt 0.217523 0.641707
vt 0.217523 0.876795
vt 0.202830 0.641707
vt 0.202830 0.876795
vt 0.188137 0.641707
vt 0.188137 0.876795
vt 0.173444 0.641707
vt 0.173444 0.876795
vt 0.158751 0.641707
vt 0.158751 0.876795
vt 0.144057 0.641707
vt 0.144057 0.876795
vt 0.129364 0.641707
vt 0.129364 0.876795
vt 0.114671 0.641707
vt 0.114671 0.876795
vt 0.099978 0.641707
vt 0.099978 0.876795
vt 0.085285 0.641707
vt 0.085285 0.876795
vt 0.070592 0.641707
vt 0.070592 0.876795
vt 0.055899 0.641707
vt 0.055899 0.876795
vt 0.041206 0.641707
vt 0.887739 0.537959
vt 0.873515 0.549632
vt 0.754998 0.537959
vt 0.041206 0.876795
vt 0.026513 0.641707
vt 0.026513 0.876795
vt 0.011820 0.641707
vt 0.557857 0.972361
vt 0.574084 0.981035
vt 0.662151 0.972361
vt 0.847903 0.246909
vt 0.833210 0.011820
vt 0.847903 0.011820
vt 0.833210 0.246909
vt 0.818517 0.011820
vt 0.818517 0.246909
vt 0.803824 0.011820
vt 0.803824 0.246909
vt 0.789131 0.011820
vt 0.789131 0.246909
vt 0.774438 0.011820
vt 0.774438 0.246909
vt 0.759745 0.011820
vt 0.759745 0.246909
vt 0.745052 0.011820
vt 0.745052 0.246909
vt 0.730359 0.011820
vt 0.730359 0.246909
vt 0.715666 0.011820
vt 0.715666 0.246909
vt 0.700973 0.011820
vt 0.700973 0.246909
vt 0.686280 0.011820
vt 0.686280 0.246909
vt 0.671587 0.011820
vt 0.671587 0.246909
vt 0.656894 0.011820
vt 0.656894 0.246909
vt 0.642201 0.011820
vt 0.642201 0.246909
vt 0.627508 0.011820
vt 0.627508 0.246909
vt 0.612815 0.011820
vt 0.612815 0.246909
vt 0.598122 0.011820
vt 0.598122 0.246909
vt 0.583429 0.011820
vt 0.583429 0.246909
vt 0.568735 0.011820
vt 0.568735 0.246909
vt 0.554042 0.011820
vt 0.554042 0.246909
vt 0.539349 0.011820
vt 0.539349 0.246909
vt 0.524656 0.011820
vt 0.524656 0.246909
vt 0.509963 0.011820
vt 0.509963 0.246909
vt 0.495270 0.011820
vt 0.495270 0.246909
vt 0.480577 0.011820
vt 0.480577 0.246909
vt 0.465884 0.011820
vt 0.465884 0.246909
vt 0.451191 0.011820
vt 0.451191 0.246909
vt 0.436498 0.011820
vt 0.436498 0.246909
vt 0.421805 0.011820
vt 0.421805 0.246909
vt 0.407112 0.011820
vt 0.696721 0.435669
vt 0.696721 0.507508
vt 0.645923 0.558306
vt 0.407112 0.246909
vt 0.392419 0.011820
vt 0.392419 0.246909
vt 0.377726 0.011820
vt 0.913427 0.701265
vt 0.839680 0.590894
vt 0.729310 0.664641
vt 0.857288 0.558306
vt 0.839680 0.563647
vt 0.785449 0.558306
vt 0.821368 0.565450
vt 0.803057 0.563647
vt 0.769221 0.549632
vt 0.743325 0.523735
vt 0.734651 0.507508
vt 0.899412 0.523735
vt 0.729310 0.489900
vt 0.913427 0.489900
vt 0.727506 0.471588
vt 0.915230 0.471588
vt 0.729310 0.453277
vt 0.913427 0.453277
vt 0.734651 0.435669
vt 0.908086 0.435669
vt 0.743325 0.419441
vt 0.754998 0.405218
vt 0.899412 0.419441
vt 0.769221 0.393545
vt 0.887739 0.405218
vt 0.785449 0.384871
vt 0.873515 0.393545
vt 0.803057 0.379530
vt 0.857288 0.384871
vt 0.821368 0.377726
vt 0.839680 0.379530
vt 0.908086 0.507508
vt 0.011820 0.876795
vt 0.591692 0.986376
vt 0.610004 0.988180
vt 0.628315 0.986376
vt 0.645923 0.981035
vt 0.676374 0.960688
vt 0.543633 0.960688
vt 0.688047 0.946465
vt 0.531960 0.946465
vt 0.696721 0.930237
vt 0.702062 0.912629
vt 0.523286 0.930237
vt 0.703866 0.894318
vt 0.516142 0.894318
vt 0.702062 0.876006
vt 0.517945 0.876006
vt 0.696721 0.858398
vt 0.688047 0.842171
vt 0.523286 0.858398
vt 0.676374 0.827947
vt 0.543633 0.827947
vt 0.662151 0.816274
vt 0.557857 0.816274
vt 0.645923 0.807600
vt 0.628315 0.802259
vt 0.574084 0.807600
vt 0.610004 0.800456
vt 0.591692 0.802259
vt 0.531960 0.842171
vt 0.517945 0.912629
vt 0.628315 0.563647
vt 0.574084 0.558306
vt 0.610004 0.565450
vt 0.591692 0.563647
vt 0.557857 0.549632
vt 0.543633 0.537959
vt 0.531960 0.523735
vt 0.523286 0.507508
vt 0.517945 0.489900
vt 0.516142 0.471588
vt 0.517945 0.453277
vt 0.523286 0.435669
vt 0.531960 0.419441
vt 0.543633 0.405218
vt 0.557857 0.393545
vt 0.574084 0.384871
vt 0.591692 0.379530
vt 0.610004 0.377726
vt 0.628315 0.379530
vt 0.645923 0.384871
vt 0.662151 0.393545
vt 0.676374 0.405218
vt 0.688047 0.419441
vt 0.702062 0.453277
vt 0.703866 0.471588
vt 0.702062 0.489900
vt 0.688047 0.523735
vt 0.676374 0.537959
vt 0.662151 0.549632
vt 0.377726 0.246909
vt 0.803057 0.775011
vt 0.821368 0.776815
vt 0.839680 0.775011
vt 0.857288 0.769670
vt 0.873515 0.760996
vt 0.887739 0.749323
vt 0.899412 0.735100
vt 0.908086 0.718872
vt 0.915230 0.682953
vt 0.913427 0.664641
vt 0.908086 0.647033
vt 0.899412 0.630806
vt 0.887739 0.616582
vt 0.873515 0.604909
vt 0.857288 0.596236
vt 0.821368 0.589091
vt 0.803057 0.590894
vt 0.785449 0.596236
vt 0.769221 0.604909
vt 0.754998 0.616582
vt 0.743325 0.630806
vt 0.734651 0.647033
vt 0.727506 0.682953
vt 0.729310 0.701265
vt 0.734651 0.718872
vt 0.743325 0.735100
vt 0.754998 0.749323
vt 0.769221 0.760996
vt 0.785449 0.769670
s 0
usemtl マテリアル.001
f 5/1/1 16/2/1 478/3/1
f 1/4/2 8/5/2 9/6/2
f 478/3/3 17/7/3 6/8/3
f 476/9/4 9/6/4 10/10/4
f 479/11/5 17/7/5 18/12/5
f 476/9/6 11/13/6 2/14/6
f 479/11/7 19/15/7 480/16/7
f 477/17/8 11/13/8 12/18/8
f 480/16/9 20/19/9 481/20/9
f 3/21/10 12/18/10 13/22/10
f 481/20/11 21/23/11 482/24/11
f 3/21/12 14/25/12 4/26/12
f 474/27/13 82/28/13 7/29/13
f 308/30/14 482/24/14 21/23/14
f 4/26/15 15/31/15 5/1/15
f 475/32/16 7/29/16 8/5/16
f 14/25/17 30/33/17 15/31/17
f 7/29/18 23/34/18 8/5/18
f 15/31/19 31/35/19 16/2/19
f 8/5/20 24/36/20 9/6/20
f 17/7/21 31/35/21 32/37/21
f 9/6/22 25/38/22 10/10/22
f 18/12/23 32/37/23 33/39/23
f 10/10/24 26/40/24 11/13/24
f 19/15/25 33/39/25 34/41/25
f 11/13/26 27/42/26 12/18/26
f 20/19/27 34/41/27 35/43/27
f 13/22/28 27/42/28 28/44/28
f 20/19/29 36/45/29 21/23/29
f 13/22/30 29/46/30 14/25/30
f 7/29/31 82/47/31 22/48/31
f 308/49/32 21/23/32 36/45/32
f 34/41/33 48/50/33 49/51/33
f 26/40/34 42/52/34 27/42/34
f 35/43/35 49/51/35 50/53/35
f 28/44/36 42/52/36 43/54/36
f 36/45/37 50/53/37 51/55/37
f 29/46/38 43/54/38 44/56/38
f 22/48/39 82/57/39 37/58/39
f 308/59/40 36/45/40 51/55/40
f 29/46/41 45/60/41 30/33/41
f 22/48/42 38/61/42 23/34/42
f 30/33/43 46/62/43 31/35/43
f 23/34/44 39/63/44 24/36/44
f 32/37/45 46/62/45 47/64/45
f 24/36/46 40/65/46 25/38/46
f 33/39/47 47/64/47 48/50/47
f 25/38/48 41/66/48 26/40/48
f 37/58/49 53/67/49 38/61/49
f 45/60/50 61/68/50 46/62/50
f 38/61/51 54/69/51 39/63/51
f 47/64/52 61/68/52 62/70/52
f 39/63/53 55/71/53 40/65/53
f 47/64/54 63/72/54 48/50/54
f 41/66/55 55/71/55 56/73/55
f 49/51/56 63/72/56 64/74/56
f 41/66/57 57/75/57 42/52/57
f 50/53/58 64/74/58 65/76/58
f 43/54/59 57/75/59 58/77/59
f 51/55/60 65/76/60 66/78/60
f 44/56/61 58/77/61 59/79/61
f 37/58/62 82/80/62 52/81/62
f 308/82/63 51/55/63 66/78/63
f 44/56/64 60/83/64 45/60/64
f 56/73/65 72/84/65 57/75/65
f 64/74/66 80/85/66 65/76/66
f 58/77/67 72/84/67 73/86/67
f 65/76/68 81/87/68 66/78/68
f 59/79/69 73/86/69 74/88/69
f 52/81/70 82/89/70 67/90/70
f 308/91/71 66/78/71 81/87/71
f 59/79/72 75/92/72 60/83/72
f 53/67/73 67/90/73 68/93/73
f 60/83/74 76/94/74 61/68/74
f 54/69/75 68/93/75 69/95/75
f 62/70/76 76/94/76 77/96/76
f 54/69/77 70/97/77 55/71/77
f 62/70/78 78/98/78 63/72/78
f 56/73/79 70/97/79 71/99/79
f 64/74/80 78/98/80 79/100/80
f 75/92/81 92/101/81 76/94/81
f 68/93/82 85/102/82 69/95/82
f 77/96/83 92/101/83 93/103/83
f 69/95/84 86/104/84 70/97/84
f 77/96/85 94/105/85 78/98/85
f 71/99/86 86/104/86 87/106/86
f 79/100/87 94/105/87 95/107/87
f 71/99/88 88/108/88 72/84/88
f 80/85/89 95/107/89 96/109/89
f 73/86/90 88/108/90 89/110/90
f 81/87/91 96/109/91 97/111/91
f 74/88/92 89/110/92 90/112/92
f 67/90/93 82/113/93 83/114/93
f 308/115/94 81/87/94 97/111/94
f 74/88/95 91/116/95 75/92/95
f 67/90/96 84/117/96 68/93/96
f 95/107/97 111/118/97 96/109/97
f 89/110/98 103/119/98 104/120/98
f 96/109/99 112/121/99 97/111/99
f 90/112/100 104/120/100 105/122/100
f 83/114/101 82/123/101 98/124/101
f 308/125/102 97/111/102 112/121/102
f 90/112/103 106/126/103 91/116/103
f 83/114/104 99/127/104 84/117/104
f 91/116/105 107/128/105 92/101/105
f 85/102/106 99/127/106 100/129/106
f 93/103/107 107/128/107 108/130/107
f 85/102/108 101/131/108 86/104/108
f 93/103/109 109/132/109 94/105/109
f 87/106/110 101/131/110 102/133/110
f 95/107/111 109/132/111 110/134/111
f 87/106/112 103/119/112 88/108/112
f 108/130/113 122/135/113 123/136/113
f 100/129/114 116/137/114 101/131/114
f 108/130/115 124/138/115 109/132/115
f 102/133/116 116/137/116 117/139/116
f 110/134/117 124/138/117 125/140/117
f 102/133/118 118/141/118 103/119/118
f 111/118/119 125/140/119 126/142/119
f 104/120/120 118/141/120 119/143/120
f 111/118/121 127/144/121 112/121/121
f 105/122/122 119/143/122 120/145/122
f 98/124/123 82/146/123 113/147/123
f 308/148/124 112/121/124 127/144/124
f 105/122/125 121/149/125 106/126/125
f 98/124/126 114/150/126 99/127/126
f 106/126/127 122/135/127 107/128/127
f 99/127/128 115/151/128 100/129/128
f 126/142/129 142/152/129 127/144/129
f 120/145/130 134/153/130 135/154/130
f 113/147/131 82/155/131 128/156/131
f 308/157/132 127/144/132 142/152/132
f 120/145/133 136/158/133 121/149/133
f 114/150/134 128/156/134 129/159/134
f 121/149/135 137/160/135 122/135/135
f 115/151/136 129/159/136 130/161/136
f 123/136/137 137/160/137 138/162/137
f 115/151/138 131/163/138 116/137/138
f 123/136/139 139/164/139 124/138/139
f 117/139/140 131/163/140 132/165/140
f 125/140/141 139/164/141 140/166/141
f 117/139/142 133/167/142 118/141/142
f 125/140/143 141/168/143 126/142/143
f 119/143/144 133/167/144 134/153/144
f 130/161/145 146/169/145 131/163/145
f 138/162/146 154/170/146 139/164/146
f 132/165/147 146/169/147 147/171/147
f 140/166/148 154/170/148 155/172/148
f 132/165/149 148/173/149 133/167/149
f 141/168/150 155/172/150 156/174/150
f 134/153/151 148/173/151 149/175/151
f 141/168/152 157/176/152 142/152/152
f 135/154/153 149/175/153 150/177/153
f 128/156/154 82/178/154 143/179/154
f 308/180/155 142/152/155 157/176/155
f 135/154/156 151/181/156 136/158/156
f 128/156/157 144/182/157 129/159/157
f 136/158/158 152/183/158 137/160/158
f 129/159/159 145/184/159 130/161/159
f 138/162/160 152/183/160 153/185/160
f 150/177/161 164/186/161 165/187/161
f 143/179/162 82/188/162 158/189/162
f 308/190/163 157/176/163 172/191/163
f 150/177/164 166/192/164 151/181/164
f 143/179/165 159/193/165 144/182/165
f 151/181/166 167/194/166 152/183/166
f 144/182/167 160/195/167 145/184/167
f 153/185/168 167/194/168 168/196/168
f 145/184/169 161/197/169 146/169/169
f 153/185/170 169/198/170 154/170/170
f 147/171/171 161/197/171 162/199/171
f 155/172/172 169/198/172 170/200/172
f 147/171/173 163/201/173 148/173/173
f 156/174/174 170/200/174 171/202/174
f 149/175/175 163/201/175 164/186/175
f 157/176/176 171/202/176 172/191/176
f 168/196/177 184/203/177 169/198/177
f 162/199/178 176/204/178 177/205/178
f 170/200/179 184/203/179 185/206/179
f 162/199/180 178/207/180 163/201/180
f 171/202/181 185/206/181 186/208/181
f 164/186/182 178/207/182 179/209/182
f 172/191/183 186/208/183 187/210/183
f 165/187/184 179/209/184 180/211/184
f 158/189/185 82/212/185 173/213/185
f 308/214/186 172/191/186 187/210/186
f 165/187/187 181/215/187 166/192/187
f 158/189/188 174/216/188 159/193/188
f 166/192/189 182/217/189 167/194/189
f 159/193/190 175/218/190 160/195/190
f 168/196/191 182/217/191 183/219/191
f 160/195/192 176/204/192 161/197/192
f 173/213/193 82/220/193 188/221/193
f 308/222/194 187/210/194 202/223/194
f 180/211/195 196/224/195 181/215/195
f 174/216/196 188/221/196 189/225/196
f 181/215/197 197/226/197 182/217/197
f 175/218/198 189/225/198 190/227/198
f 183/219/199 197/226/199 198/228/199
f 175/218/200 191/229/200 176/204/200
f 183/219/201 199/230/201 184/203/201
f 177/205/202 191/229/202 192/231/202
f 185/206/203 199/230/203 200/232/203
f 177/205/204 193/233/204 178/207/204
f 185/206/205 201/234/205 186/208/205
f 179/209/206 193/233/206 194/235/206
f 186/208/207 202/223/207 187/210/207
f 180/211/208 194/235/208 195/236/208
f 192/231/209 206/237/209 207/238/209
f 200/232/210 214/239/210 215/240/210
f 192/231/211 208/241/211 193/233/211
f 201/234/212 215/240/212 216/242/212
f 194/235/213 208/241/213 209/243/213
f 202/223/214 216/242/214 217/244/214
f 195/236/215 209/243/215 210/245/215
f 188/221/216 82/246/216 203/247/216
f 308/248/217 202/223/217 217/244/217
f 195/236/218 211/249/218 196/224/218
f 188/221/219 204/250/219 189/225/219
f 196/224/220 212/251/220 197/226/220
f 189/225/221 205/252/221 190/227/221
f 198/228/222 212/251/222 213/253/222
f 190/227/223 206/237/223 191/229/223
f 198/228/224 214/239/224 199/230/224
f 210/245/225 226/254/225 211/249/225
f 203/247/226 219/255/226 204/250/226
f 211/249/227 227/256/227 212/251/227
f 204/250/228 220/257/228 205/252/228
f 213/253/229 227/256/229 228/258/229
f 205/252/230 221/259/230 206/237/230
f 213/253/231 229/260/231 214/239/231
f 207/238/232 221/259/232 222/261/232
f 215/240/233 229/260/233 230/262/233
f 207/238/234 223/263/234 208/241/234
f 216/242/235 230/262/235 231/264/235
f 209/243/236 223/263/236 224/265/236
f 217/244/237 231/264/237 232/266/237
f 210/245/238 224/265/238 225/267/238
f 203/247/239 82/268/239 218/269/239
f 308/270/240 217/244/240 232/266/240
f 230/262/241 244/271/241 245/272/241
f 222/261/242 238/273/242 223/263/242
f 231/264/243 245/272/243 246/274/243
f 224/265/244 238/273/244 239/275/244
f 231/264/245 247/276/245 232/266/245
f 225/267/246 239/275/246 240/277/246
f 218/269/247 82/278/247 233/279/247
f 308/280/248 232/266/248 247/276/248
f 225/267/249 241/281/249 226/254/249
f 219/255/250 233/279/250 234/282/250
f 226/254/251 242/283/251 227/256/251
f 219/255/252 235/284/252 220/257/252
f 228/258/253 242/283/253 243/285/253
f 220/257/254 236/286/254 221/259/254
f 228/258/255 244/271/255 229/260/255
f 222/261/256 236/286/256 237/287/256
f 241/281/257 257/288/257 242/283/257
f 235/284/258 249/289/258 250/290/258
f 243/285/259 257/288/259 258/291/259
f 235/284/260 251/292/260 236/286/260
f 243/285/261 259/293/261 244/271/261
f 237/287/262 251/292/262 252/294/262
f 245/272/263 259/293/263 260/295/263
f 237/287/264 253/296/264 238/273/264
f 245/272/265 261/297/265 246/274/265
f 239/275/266 253/296/266 254/298/266
f 246/274/267 262/299/267 247/276/267
f 240/277/268 254/298/268 255/300/268
f 233/279/269 82/301/269 248/302/269
f 308/303/270 247/276/270 262/299/270
f 240/277/271 256/304/271 241/281/271
f 234/282/272 248/302/272 249/289/272
f 261/297/273 275/305/273 276/306/273
f 254/298/274 268/307/274 269/308/274
f 261/297/275 277/309/275 262/299/275
f 255/300/276 269/308/276 270/310/276
f 248/302/277 82/311/277 263/312/277
f 308/313/278 262/299/278 277/309/278
f 255/300/279 271/314/279 256/304/279
f 249/289/280 263/312/280 264/315/280
f 256/304/281 272/316/281 257/288/281
f 249/289/282 265/317/282 250/290/282
f 258/291/283 272/316/283 273/318/283
f 250/290/284 266/319/284 251/292/284
f 258/291/285 274/320/285 259/293/285
f 252/294/286 266/319/286 267/321/286
f 260/295/287 274/320/287 275/305/287
f 252/294/288 268/307/288 253/296/288
f 264/315/289 280/322/289 265/317/289
f 273/318/290 287/323/290 288/324/290
f 265/317/291 281/325/291 266/319/291
f 273/318/292 289/326/292 274/320/292
f 267/321/293 281/325/293 282/327/293
f 275/305/294 289/326/294 290/328/294
f 267/321/295 283/329/295 268/307/295
f 275/305/296 291/330/296 276/306/296
f 269/308/297 283/329/297 284/331/297
f 276/306/298 292/332/298 277/309/298
f 270/310/299 284/331/299 285/333/299
f 263/312/300 82/334/300 278/335/300
f 308/336/301 277/309/301 292/332/301
f 270/310/302 286/337/302 271/314/302
f 263/312/303 279/338/303 264/315/303
f 271/314/304 287/323/304 272/316/304
f 284/331/305 298/339/305 299/340/305
f 292/332/306 306/341/306 307/342/306
f 285/333/307 299/340/307 300/343/307
f 278/335/308 82/344/308 293/345/308
f 308/346/309 292/332/309 307/342/309
f 285/333/310 301/347/310 286/337/310
f 278/335/311 294/348/311 279/338/311
f 286/337/312 302/349/312 287/323/312
f 280/322/313 294/348/313 295/350/313
f 288/324/314 302/349/314 303/351/314
f 280/322/315 296/352/315 281/325/315
f 288/324/316 304/353/316 289/326/316
f 282/327/317 296/352/317 297/354/317
f 290/328/318 304/353/318 305/355/318
f 282/327/319 298/339/319 283/329/319
f 290/328/320 306/341/320 291/330/320
f 303/351/321 318/356/321 319/357/321
f 295/350/322 312/358/322 296/352/322
f 303/351/323 320/359/323 304/353/323
f 297/354/324 312/358/324 313/360/324
f 305/355/325 320/359/325 321/361/325
f 297/354/326 314/362/326 298/339/326
f 305/355/327 322/363/327 306/341/327
f 299/340/328 314/362/328 315/364/328
f 306/341/329 323/365/329 307/342/329
f 300/343/330 315/364/330 316/366/330
f 293/345/331 82/367/331 309/368/331
f 308/369/332 307/342/332 323/365/332
f 300/343/333 317/370/333 301/347/333
f 294/348/334 309/368/334 310/371/334
f 301/347/335 318/356/335 302/349/335
f 295/350/336 310/371/336 311/372/336
f 323/365/337 337/373/337 338/374/337
f 316/366/338 330/375/338 331/376/338
f 309/368/339 82/377/339 324/378/339
f 308/379/340 323/365/340 338/374/340
f 316/366/341 332/380/341 317/370/341
f 309/368/342 325/381/342 310/371/342
f 317/370/343 333/382/343 318/356/343
f 310/371/344 326/383/344 311/372/344
f 319/357/345 333/382/345 334/384/345
f 311/372/346 327/385/346 312/358/346
f 319/357/347 335/386/347 320/359/347
f 313/360/348 327/385/348 328/387/348
f 321/361/349 335/386/349 336/388/349
f 313/360/350 329/389/350 314/362/350
f 321/361/351 337/373/351 322/363/351
f 315/364/352 329/389/352 330/375/352
f 326/383/353 342/390/353 327/385/353
f 334/384/354 350/391/354 335/386/354
f 328/387/355 342/390/355 343/392/355
f 336/388/356 350/391/356 351/393/356
f 328/387/357 344/394/357 329/389/357
f 336/388/358 352/395/358 337/373/358
f 330/375/359 344/394/359 345/396/359
f 338/374/360 352/395/360 353/397/360
f 331/376/361 345/396/361 346/398/361
f 324/378/362 82/399/362 339/400/362
f 308/401/363 338/374/363 353/397/363
f 331/376/364 347/402/364 332/380/364
f 324/378/365 340/403/365 325/381/365
f 332/380/366 348/404/366 333/382/366
f 326/383/367 340/403/367 341/405/367
f 334/384/368 348/404/368 349/406/368
f 346/398/369 360/407/369 361/408/369
f 339/400/370 82/409/370 354/410/370
f 308/411/371 353/397/371 368/412/371
f 346/398/372 362/413/372 347/402/372
f 339/400/373 355/414/373 340/403/373
f 347/402/374 363/415/374 348/404/374
f 341/405/375 355/414/375 356/416/375
f 349/406/376 363/415/376 364/417/376
f 341/405/377 357/418/377 342/390/377
f 349/406/378 365/419/378 350/391/378
f 343/392/379 357/418/379 358/420/379
f 351/393/380 365/419/380 366/421/380
f 343/392/381 359/422/381 344/394/381
f 351/393/382 367/423/382 352/395/382
f 345/396/383 359/422/383 360/407/383
f 353/397/384 367/423/384 368/412/384
f 364/424/385 380/425/385 365/426/385
f 358/427/386 372/428/386 373/429/386
f 366/430/387 380/425/387 381/431/387
f 358/427/388 374/432/388 359/433/388
f 366/430/389 382/434/389 367/435/389
f 360/436/390 374/432/390 375/437/390
f 367/435/391 383/438/391 368/439/391
f 361/440/392 375/437/392 376/441/392
f 354/442/393 82/443/393 369/444/393
f 308/445/394 368/439/394 383/438/394
f 361/440/395 377/446/395 362/447/395
f 355/448/396 369/444/396 370/449/396
f 362/447/397 378/450/397 363/451/397
f 356/452/398 370/449/398 371/453/398
f 364/424/399 378/450/399 379/454/399
f 356/452/400 372/428/400 357/455/400
f 308/456/401 383/438/401 398/457/401
f 376/441/402 392/458/402 377/446/402
f 370/449/403 384/459/403 385/460/403
f 377/446/404 393/461/404 378/450/404
f 371/453/405 385/460/405 386/462/405
f 379/454/406 393/461/406 394/463/406
f 371/453/407 387/464/407 372/428/407
f 379/454/408 395/465/408 380/425/408
f 373/429/409 387/464/409 388/466/409
f 381/431/410 395/465/410 396/467/410
f 373/429/411 389/468/411 374/432/411
f 381/431/412 397/469/412 382/434/412
f 375/437/413 389/468/413 390/470/413
f 382/434/414 398/457/414 383/438/414
f 376/441/415 390/470/415 391/471/415
f 369/444/416 82/472/416 384/459/416
f 396/467/417 410/473/417 411/474/417
f 388/466/418 404/475/418 389/468/418
f 396/467/419 412/476/419 397/469/419
f 390/470/420 404/475/420 405/477/420
f 398/457/421 412/476/421 413/478/421
f 391/471/422 405/477/422 406/479/422
f 384/459/423 82/480/423 399/481/423
f 308/482/424 398/457/424 413/478/424
f 391/471/425 407/483/425 392/458/425
f 384/459/426 400/484/426 385/460/426
f 392/458/427 408/485/427 393/461/427
f 386/462/428 400/484/428 401/486/428
f 394/463/429 408/485/429 409/487/429
f 386/462/430 402/488/430 387/464/430
f 394/463/431 410/473/431 395/465/431
f 388/466/432 402/488/432 403/489/432
f 399/481/433 415/490/433 400/484/433
f 407/483/434 423/491/434 408/485/434
f 401/486/435 415/490/435 416/492/435
f 409/487/436 423/491/436 424/493/436
f 401/486/437 417/494/437 402/488/437
f 409/487/438 425/495/438 410/473/438
f 403/489/439 417/494/439 418/496/439
f 411/474/440 425/495/440 426/497/440
f 403/489/441 419/498/441 404/475/441
f 411/474/442 427/499/442 412/476/442
f 405/477/443 419/498/443 420/500/443
f 412/476/444 428/501/444 413/478/444
f 406/479/445 420/500/445 421/502/445
f 399/481/446 82/503/446 414/504/446
f 308/505/447 413/478/447 428/501/447
f 406/479/448 422/506/448 407/483/448
f 418/496/449 434/507/449 419/498/449
f 426/497/450 442/508/450 427/499/450
f 420/500/451 434/507/451 435/509/451
f 428/501/452 442/508/452 443/510/452
f 421/502/453 435/509/453 436/511/453
f 414/504/454 82/512/454 429/513/454
f 308/514/455 428/501/455 443/510/455
f 421/502/456 437/515/456 422/506/456
f 414/504/457 430/516/457 415/490/457
f 422/506/458 438/517/458 423/491/458
f 416/492/459 430/516/459 431/518/459
f 424/493/460 438/517/460 439/519/460
f 416/492/461 432/520/461 417/494/461
f 424/493/462 440/521/462 425/495/462
f 418/496/463 432/520/463 433/522/463
f 426/497/464 440/521/464 441/523/464
f 437/515/465 453/524/465 438/517/465
f 431/518/466 445/525/466 446/526/466
f 439/519/467 453/524/467 454/527/467
f 431/518/468 447/528/468 432/520/468
f 439/519/469 455/529/469 440/521/469
f 433/522/470 447/528/470 448/530/470
f 441/523/471 455/529/471 456/531/471
f 433/522/472 449/532/472 434/507/472
f 441/523/473 457/533/473 442/508/473
f 435/509/474 449/532/474 450/534/474
f 442/508/475 458/535/475 443/510/475
f 436/511/476 450/534/476 451/536/476
f 429/513/477 82/537/477 444/538/477
f 308/539/478 443/510/478 458/535/478
f 436/511/479 452/540/479 437/515/479
f 430/516/480 444/538/480 445/525/480
f 456/531/481 472/541/481 457/533/481
f 450/534/482 464/542/482 465/543/482
f 458/535/483 472/541/483 473/544/483
f 451/536/484 465/543/484 466/545/484
f 444/538/485 82/546/485 459/547/485
f 308/548/486 458/535/486 473/544/486
f 451/536/487 467/549/487 452/540/487
f 444/538/488 460/550/488 445/525/488
f 452/540/489 468/551/489 453/524/489
f 446/526/490 460/550/490 461/552/490
f 454/527/491 468/551/491 469/553/491
f 446/526/492 462/554/492 447/528/492
f 454/527/493 470/555/493 455/529/493
f 448/530/494 462/554/494 463/556/494
f 456/531/495 470/555/495 471/557/495
f 448/530/496 464/542/496 449/532/496
f 461/552/497 475/32/497 1/4/497
f 468/551/498 6/8/498 469/553/498
f 462/554/499 1/4/499 476/9/499
f 469/553/500 479/11/500 470/555/500
f 463/556/501 476/9/501 2/14/501
f 471/557/502 479/11/502 480/16/502
f 464/542/503 2/14/503 477/17/503
f 471/557/504 481/20/504 472/541/504
f 465/543/505 477/17/505 3/21/505
f 472/541/506 482/24/506 473/544/506
f 466/545/507 3/21/507 4/26/507
f 459/547/508 82/558/508 474/27/508
f 308/559/509 473/544/509 482/24/509
f 466/545/510 5/1/510 467/549/510
f 459/547/511 475/32/511 460/550/511
f 467/549/512 478/3/512 468/551/512
f 772/921/736 773/922/736 771/923/736
f 774/924/737 775/925/737 773/922/737
f 776/926/738 777/927/738 775/925/738
f 778/928/739 779/929/739 777/927/739
f 780/930/740 781/931/740 779/929/740
f 782/932/741 783/933/741 781/931/741
f 784/934/742 785/935/742 783/933/742
f 786/936/743 787/937/743 785/935/743
f 788/938/744 789/939/744 787/937/744
f 790/940/745 791/941/745 789/939/745
f 792/942/746 793/943/746 791/941/746
f 794/944/747 795/945/747 793/943/747
f 796/946/748 797/947/748 795/945/748
f 798/948/749 799/949/749 797/947/749
f 800/950/750 801/951/750 799/949/750
f 802/952/751 803/953/751 801/951/751
f 804/954/752 805/955/752 803/953/752
f 806/956/753 807/957/753 805/955/753
f 808/958/754 809/959/754 807/957/754
f 810/960/755 811/961/755 809/959/755
f 812/962/756 813/963/756 811/961/756
f 814/964/757 815/965/757 813/963/757
f 816/966/758 817/967/758 815/965/758
f 818/968/759 819/969/759 817/967/759
f 820/970/760 821/971/760 819/969/760
f 822/972/761 823/973/761 821/971/761
f 824/974/762 825/975/762 823/973/762
f 826/976/763 827/977/763 825/975/763
f 828/978/764 829/979/764 827/977/764
f 830/980/765 831/981/765 829/979/765
f 780/982/766 778/983/766 828/984/766
f 832/985/767 833/986/767 831/981/767
f 834/987/768 771/988/768 833/986/768
f 829/989/769 831/990/769 777/991/769
f 836/992/770 837/993/770 835/994/770
f 838/995/771 839/996/771 837/993/771
f 840/997/772 841/998/772 839/996/772
f 842/999/773 843/1000/773 841/998/773
f 844/1001/774 845/1002/774 843/1000/774
f 846/1003/775 847/1004/775 845/1002/775
f 848/1005/776 849/1006/776 847/1004/776
f 850/1007/777 851/1008/777 849/1006/777
f 852/1009/778 853/1010/778 851/1008/778
f 854/1011/779 855/1012/779 853/1010/779
f 856/1013/780 857/1014/780 855/1012/780
f 858/1015/781 859/1016/781 857/1014/781
f 860/1017/782 861/1018/782 859/1016/782
f 862/1019/783 863/1020/783 861/1018/783
f 864/1021/784 865/1022/784 863/1020/784
f 866/1023/785 867/1024/785 865/1022/785
f 868/1025/786 869/1026/786 867/1024/786
f 870/1027/787 871/1028/787 869/1026/787
f 872/1029/788 873/1030/788 871/1028/788
f 874/1031/789 875/1032/789 873/1030/789
f 876/1033/790 877/1034/790 875/1032/790
f 878/1035/791 879/1036/791 877/1034/791
f 880/1037/792 881/1038/792 879/1036/792
f 882/1039/793 883/1040/793 881/1038/793
f 884/1041/794 885/1042/794 883/1040/794
f 886/1043/795 887/1044/795 885/1042/795
f 888/1045/796 889/1046/796 887/1044/796
f 890/1047/797 891/1048/797 889/1046/797
f 892/1049/798 893/1050/798 891/1048/798
f 894/1051/799 895/1052/799 893/1050/799
f 856/1053/766 848/1054/766 840/1055/766
f 896/1056/800 897/1057/800 895/1052/800
f 898/1058/801 835/1059/801 897/1057/801
f 849/1060/769 865/1061/769 881/1062/769
f 5/1/1 15/31/1 16/2/1
f 1/4/2 475/32/2 8/5/2
f 478/3/3 16/2/3 17/7/3
f 476/9/4 1/4/4 9/6/4
f 479/11/5 6/8/5 17/7/5
f 476/9/6 10/10/6 11/13/6
f 479/11/7 18/12/7 19/15/7
f 477/17/8 2/14/8 11/13/8
f 480/16/9 19/15/9 20/19/9
f 3/21/10 477/17/10 12/18/10
f 481/20/11 20/19/11 21/23/11
f 3/21/802 13/22/802 14/25/802
f 4/26/803 14/25/803 15/31/803
f 475/32/16 474/27/16 7/29/16
f 14/25/17 29/46/17 30/33/17
f 7/29/18 22/48/18 23/34/18
f 15/31/19 30/33/19 31/35/19
f 8/5/20 23/34/20 24/36/20
f 17/7/21 16/2/21 31/35/21
f 9/6/22 24/36/22 25/38/22
f 18/12/23 17/7/23 32/37/23
f 10/10/24 25/38/24 26/40/24
f 19/15/25 18/12/25 33/39/25
f 11/13/26 26/40/26 27/42/26
f 20/19/27 19/15/27 34/41/27
f 13/22/28 12/18/28 27/42/28
f 20/19/29 35/43/29 36/45/29
f 13/22/30 28/44/30 29/46/30
f 34/41/33 33/39/33 48/50/33
f 26/40/34 41/66/34 42/52/34
f 35/43/35 34/41/35 49/51/35
f 28/44/36 27/42/36 42/52/36
f 36/45/37 35/43/37 50/53/37
f 29/46/38 28/44/38 43/54/38
f 29/46/41 44/56/41 45/60/41
f 22/48/42 37/58/42 38/61/42
f 30/33/43 45/60/43 46/62/43
f 23/34/44 38/61/44 39/63/44
f 32/37/45 31/35/45 46/62/45
f 24/36/46 39/63/46 40/65/46
f 33/39/47 32/37/47 47/64/47
f 25/38/48 40/65/48 41/66/48
f 37/58/49 52/81/49 53/67/49
f 45/60/50 60/83/50 61/68/50
f 38/61/51 53/67/51 54/69/51
f 47/64/52 46/62/52 61/68/52
f 39/63/53 54/69/53 55/71/53
f 47/64/54 62/70/54 63/72/54
f 41/66/55 40/65/55 55/71/55
f 49/51/56 48/50/56 63/72/56
f 41/66/57 56/73/57 57/75/57
f 50/53/58 49/51/58 64/74/58
f 43/54/59 42/52/59 57/75/59
f 51/55/60 50/53/60 65/76/60
f 44/56/61 43/54/61 58/77/61
f 44/56/64 59/79/64 60/83/64
f 56/73/65 71/99/65 72/84/65
f 64/74/66 79/100/66 80/85/66
f 58/77/67 57/75/67 72/84/67
f 65/76/804 80/85/804 81/87/804
f 59/79/69 58/77/69 73/86/69
f 59/79/72 74/88/72 75/92/72
f 53/67/73 52/81/73 67/90/73
f 60/83/74 75/92/74 76/94/74
f 54/69/75 53/67/75 68/93/75
f 62/70/76 61/68/76 76/94/76
f 54/69/77 69/95/77 70/97/77
f 62/70/78 77/96/78 78/98/78
f 56/73/79 55/71/79 70/97/79
f 64/74/80 63/72/80 78/98/80
f 75/92/81 91/116/81 92/101/81
f 68/93/82 84/117/82 85/102/82
f 77/96/83 76/94/83 92/101/83
f 69/95/84 85/102/84 86/104/84
f 77/96/85 93/103/85 94/105/85
f 71/99/86 70/97/86 86/104/86
f 79/100/87 78/98/87 94/105/87
f 71/99/88 87/106/88 88/108/88
f 80/85/89 79/100/89 95/107/89
f 73/86/90 72/84/90 88/108/90
f 81/87/91 80/85/91 96/109/91
f 74/88/92 73/86/92 89/110/92
f 74/88/95 90/112/95 91/116/95
f 67/90/96 83/114/96 84/117/96
f 95/107/97 110/134/97 111/118/97
f 89/110/98 88/108/98 103/119/98
f 96/109/99 111/118/99 112/121/99
f 90/112/100 89/110/100 104/120/100
f 90/112/103 105/122/103 106/126/103
f 83/114/104 98/124/104 99/127/104
f 91/116/105 106/126/105 107/128/105
f 85/102/106 84/117/106 99/127/106
f 93/103/107 92/101/107 107/128/107
f 85/102/108 100/129/108 101/131/108
f 93/103/109 108/130/109 109/132/109
f 87/106/110 86/104/110 101/131/110
f 95/107/111 94/105/111 109/132/111
f 87/106/112 102/133/112 103/119/112
f 108/130/113 107/128/113 122/135/113
f 100/129/114 115/151/114 116/137/114
f 108/130/115 123/136/115 124/138/115
f 102/133/116 101/131/116 116/137/116
f 110/134/117 109/132/117 124/138/117
f 102/133/118 117/139/118 118/141/118
f 111/118/119 110/134/119 125/140/119
f 104/120/120 103/119/120 118/141/120
f 111/118/121 126/142/121 127/144/121
f 105/122/122 104/120/122 119/143/122
f 105/122/125 120/145/125 121/149/125
f 98/124/126 113/147/126 114/150/126
f 106/126/127 121/149/127 122/135/127
f 99/127/128 114/150/128 115/151/128
f 126/142/129 141/168/129 142/152/129
f 120/145/130 119/143/130 134/153/130
f 120/145/133 135/154/133 136/158/133
f 114/150/134 113/147/134 128/156/134
f 121/149/135 136/158/135 137/160/135
f 115/151/136 114/150/136 129/159/136
f 123/136/137 122/135/137 137/160/137
f 115/151/138 130/161/138 131/163/138
f 123/136/139 138/162/139 139/164/139
f 117/139/140 116/137/140 131/163/140
f 125/140/141 124/138/141 139/164/141
f 117/139/142 132/165/142 133/167/142
f 125/140/143 140/166/143 141/168/143
f 119/143/144 118/141/144 133/167/144
f 130/161/145 145/184/145 146/169/145
f 138/162/146 153/185/146 154/170/146
f 132/165/147 131/163/147 146/169/147
f 140/166/148 139/164/148 154/170/148
f 132/165/149 147/171/149 148/173/149
f 141/168/150 140/166/150 155/172/150
f 134/153/151 133/167/151 148/173/151
f 141/168/152 156/174/152 157/176/152
f 135/154/153 134/153/153 149/175/153
f 135/154/156 150/177/156 151/181/156
f 128/156/157 143/179/157 144/182/157
f 136/158/158 151/181/158 152/183/158
f 129/159/159 144/182/159 145/184/159
f 138/162/160 137/160/160 152/183/160
f 150/177/161 149/175/161 164/186/161
f 150/177/164 165/187/164 166/192/164
f 143/179/165 158/189/165 159/193/165
f 151/181/166 166/192/166 167/194/166
f 144/182/167 159/193/167 160/195/167
f 153/185/168 152/183/168 167/194/168
f 145/184/169 160/195/169 161/197/169
f 153/185/170 168/196/170 169/198/170
f 147/171/171 146/169/171 161/197/171
f 155/172/172 154/170/172 169/198/172
f 147/171/173 162/199/173 163/201/173
f 156/174/174 155/172/174 170/200/174
f 149/175/175 148/173/175 163/201/175
f 157/176/805 156/174/805 171/202/805
f 168/196/177 183/219/177 184/203/177
f 162/199/178 161/197/178 176/204/178
f 170/200/179 169/198/179 184/203/179
f 162/199/180 177/205/180 178/207/180
f 171/202/181 170/200/181 185/206/181
f 164/186/182 163/201/182 178/207/182
f 172/191/183 171/202/183 186/208/183
f 165/187/184 164/186/184 179/209/184
f 165/187/187 180/211/187 181/215/187
f 158/189/188 173/213/188 174/216/188
f 166/192/189 181/215/189 182/217/189
f 159/193/190 174/216/190 175/218/190
f 168/196/191 167/194/191 182/217/191
f 160/195/192 175/218/192 176/204/192
f 180/211/195 195/236/195 196/224/195
f 174/216/196 173/213/196 188/221/196
f 181/215/197 196/224/197 197/226/197
f 175/218/198 174/216/198 189/225/198
f 183/219/199 182/217/199 197/226/199
f 175/218/200 190/227/200 191/229/200
f 183/219/201 198/228/201 199/230/201
f 177/205/202 176/204/202 191/229/202
f 185/206/203 184/203/203 199/230/203
f 177/205/204 192/231/204 193/233/204
f 185/206/205 200/232/205 201/234/205
f 179/209/206 178/207/206 193/233/206
f 186/208/207 201/234/207 202/223/207
f 180/211/208 179/209/208 194/235/208
f 192/231/209 191/229/209 206/237/209
f 200/232/210 199/230/210 214/239/210
f 192/231/211 207/238/211 208/241/211
f 201/234/212 200/232/212 215/240/212
f 194/235/213 193/233/213 208/241/213
f 202/223/214 201/234/214 216/242/214
f 195/236/215 194/235/215 209/243/215
f 195/236/218 210/245/218 211/249/218
f 188/221/219 203/247/219 204/250/219
f 196/224/220 211/249/220 212/251/220
f 189/225/221 204/250/221 205/252/221
f 198/228/222 197/226/222 212/251/222
f 190/227/223 205/252/223 206/237/223
f 198/228/224 213/253/224 214/239/224
f 210/245/225 225/267/225 226/254/225
f 203/247/226 218/269/226 219/255/226
f 211/249/227 226/254/227 227/256/227
f 204/250/228 219/255/228 220/257/228
f 213/253/229 212/251/229 227/256/229
f 205/252/230 220/257/230 221/259/230
f 213/253/231 228/258/231 229/260/231
f 207/238/232 206/237/232 221/259/232
f 215/240/233 214/239/233 229/260/233
f 207/238/234 222/261/234 223/263/234
f 216/242/235 215/240/235 230/262/235
f 209/243/236 208/241/236 223/263/236
f 217/244/237 216/242/237 231/264/237
f 210/245/238 209/243/238 224/265/238
f 230/262/241 229/260/241 244/271/241
f 222/261/242 237/287/242 238/273/242
f 231/264/243 230/262/243 245/272/243
f 224/265/244 223/263/244 238/273/244
f 231/264/245 246/274/245 247/276/245
f 225/267/246 224/265/246 239/275/246
f 225/267/249 240/277/249 241/281/249
f 219/255/250 218/269/250 233/279/250
f 226/254/251 241/281/251 242/283/251
f 219/255/252 234/282/252 235/284/252
f 228/258/253 227/256/253 242/283/253
f 220/257/254 235/284/254 236/286/254
f 228/258/255 243/285/255 244/271/255
f 222/261/256 221/259/256 236/286/256
f 241/281/257 256/304/257 257/288/257
f 235/284/258 234/282/258 249/289/258
f 243/285/259 242/283/259 257/288/259
f 235/284/260 250/290/260 251/292/260
f 243/285/261 258/291/261 259/293/261
f 237/287/262 236/286/262 251/292/262
f 245/272/263 244/271/263 259/293/263
f 237/287/264 252/294/264 253/296/264
f 245/272/265 260/295/265 261/297/265
f 239/275/266 238/273/266 253/296/266
f 246/274/267 261/297/267 262/299/267
f 240/277/268 239/275/268 254/298/268
f 240/277/271 255/300/271 256/304/271
f 234/282/272 233/279/272 248/302/272
f 261/297/273 260/295/273 275/305/273
f 254/298/274 253/296/274 268/307/274
f 261/297/275 276/306/275 277/309/275
f 255/300/276 254/298/276 269/308/276
f 255/300/279 270/310/279 271/314/279
f 249/289/280 248/302/280 263/312/280
f 256/304/281 271/314/281 272/316/281
f 249/289/282 264/315/282 265/317/282
f 258/291/283 257/288/283 272/316/283
f 250/290/284 265/317/284 266/319/284
f 258/291/285 273/318/285 274/320/285
f 252/294/286 251/292/286 266/319/286
f 260/295/287 259/293/287 274/320/287
f 252/294/288 267/321/288 268/307/288
f 264/315/289 279/338/289 280/322/289
f 273/318/290 272/316/290 287/323/290
f 265/317/291 280/322/291 281/325/291
f 273/318/292 288/324/292 289/326/292
f 267/321/293 266/319/293 281/325/293
f 275/305/294 274/320/294 289/326/294
f 267/321/295 282/327/295 283/329/295
f 275/305/296 290/328/296 291/330/296
f 269/308/297 268/307/297 283/329/297
f 276/306/298 291/330/298 292/332/298
f 270/310/299 269/308/299 284/331/299
f 270/310/302 285/333/302 286/337/302
f 263/312/303 278/335/303 279/338/303
f 271/314/304 286/337/304 287/323/304
f 284/331/305 283/329/305 298/339/305
f 292/332/306 291/330/306 306/341/306
f 285/333/307 284/331/307 299/340/307
f 285/333/310 300/343/310 301/347/310
f 278/335/311 293/345/311 294/348/311
f 286/337/312 301/347/312 302/349/312
f 280/322/313 279/338/313 294/348/313
f 288/324/314 287/323/314 302/349/314
f 280/322/315 295/350/315 296/352/315
f 288/324/316 303/351/316 304/353/316
f 282/327/317 281/325/317 296/352/317
f 290/328/318 289/326/318 304/353/318
f 282/327/319 297/354/319 298/339/319
f 290/328/320 305/355/320 306/341/320
f 303/351/321 302/349/321 318/356/321
f 295/350/322 311/372/322 312/358/322
f 303/351/323 319/357/323 320/359/323
f 297/354/324 296/352/324 312/358/324
f 305/355/325 304/353/325 320/359/325
f 297/354/326 313/360/326 314/362/326
f 305/355/327 321/361/327 322/363/327
f 299/340/328 298/339/328 314/362/328
f 306/341/806 322/363/806 323/365/806
f 300/343/330 299/340/330 315/364/330
f 300/343/333 316/366/333 317/370/333
f 294/348/807 293/345/807 309/368/807
f 301/347/335 317/370/335 318/356/335
f 295/350/336 294/348/336 310/371/336
f 323/365/337 322/363/337 337/373/337
f 316/366/338 315/364/338 330/375/338
f 316/366/341 331/376/341 332/380/341
f 309/368/342 324/378/342 325/381/342
f 317/370/343 332/380/343 333/382/343
f 310/371/344 325/381/344 326/383/344
f 319/357/345 318/356/345 333/382/345
f 311/372/346 326/383/346 327/385/346
f 319/357/347 334/384/347 335/386/347
f 313/360/348 312/358/348 327/385/348
f 321/361/349 320/359/349 335/386/349
f 313/360/350 328/387/350 329/389/350
f 321/361/351 336/388/351 337/373/351
f 315/364/352 314/362/352 329/389/352
f 326/383/353 341/405/353 342/390/353
f 334/384/354 349/406/354 350/391/354
f 328/387/355 327/385/355 342/390/355
f 336/388/356 335/386/356 350/391/356
f 328/387/357 343/392/357 344/394/357
f 336/388/358 351/393/358 352/395/358
f 330/375/359 329/389/359 344/394/359
f 338/374/360 337/373/360 352/395/360
f 331/376/361 330/375/361 345/396/361
f 331/376/364 346/398/364 347/402/364
f 324/378/365 339/400/365 340/403/365
f 332/380/366 347/402/366 348/404/366
f 326/383/367 325/381/367 340/403/367
f 334/384/368 333/382/368 348/404/368
f 346/398/369 345/396/369 360/407/369
f 346/398/372 361/408/372 362/413/372
f 339/400/373 354/410/373 355/414/373
f 347/402/374 362/413/374 363/415/374
f 341/405/375 340/403/375 355/414/375
f 349/406/376 348/404/376 363/415/376
f 341/405/377 356/416/377 357/418/377
f 349/406/378 364/417/378 365/419/378
f 343/392/379 342/390/379 357/418/379
f 351/393/380 350/391/380 365/419/380
f 343/392/381 358/420/381 359/422/381
f 351/393/382 366/421/382 367/423/382
f 345/396/383 344/394/383 359/422/383
f 353/397/384 352/395/384 367/423/384
f 364/424/385 379/454/385 380/425/385
f 358/427/386 357/455/386 372/428/386
f 366/430/387 365/426/387 380/425/387
f 358/427/388 373/429/388 374/432/388
f 366/430/389 381/431/389 382/434/389
f 360/436/390 359/433/390 374/432/390
f 367/435/391 382/434/391 383/438/391
f 361/440/392 360/436/392 375/437/392
f 361/440/395 376/441/395 377/446/395
f 355/448/396 354/442/396 369/444/396
f 362/447/397 377/446/397 378/450/397
f 356/452/398 355/448/398 370/449/398
f 364/424/399 363/451/399 378/450/399
f 356/452/400 371/453/400 372/428/400
f 376/441/402 391/471/402 392/458/402
f 370/449/403 369/444/403 384/459/403
f 377/446/404 392/458/404 393/461/404
f 371/453/405 370/449/405 385/460/405
f 379/454/406 378/450/406 393/461/406
f 371/453/407 386/462/407 387/464/407
f 379/454/408 394/463/408 395/465/408
f 373/429/409 372/428/409 387/464/409
f 381/431/410 380/425/410 395/465/410
f 373/429/411 388/466/411 389/468/411
f 381/431/412 396/467/412 397/469/412
f 375/437/413 374/432/413 389/468/413
f 382/434/414 397/469/414 398/457/414
f 376/441/415 375/437/415 390/470/415
f 396/467/417 395/465/417 410/473/417
f 388/466/418 403/489/418 404/475/418
f 396/467/419 411/474/419 412/476/419
f 390/470/420 389/468/420 404/475/420
f 398/457/421 397/469/421 412/476/421
f 391/471/422 390/470/422 405/477/422
f 391/471/425 406/479/425 407/483/425
f 384/459/426 399/481/426 400/484/426
f 392/458/427 407/483/427 408/485/427
f 386/462/428 385/460/428 400/484/428
f 394/463/429 393/461/429 408/485/429
f 386/462/430 401/486/430 402/488/430
f 394/463/431 409/487/431 410/473/431
f 388/466/432 387/464/432 402/488/432
f 399/481/433 414/504/433 415/490/433
f 407/483/434 422/506/434 423/491/434
f 401/486/435 400/484/435 415/490/435
f 409/487/436 408/485/436 423/491/436
f 401/486/437 416/492/437 417/494/437
f 409/487/438 424/493/438 425/495/438
f 403/489/439 402/488/439 417/494/439
f 411/474/440 410/473/440 425/495/440
f 403/489/441 418/496/441 419/498/441
f 411/474/442 426/497/442 427/499/442
f 405/477/443 404/475/443 419/498/443
f 412/476/444 427/499/444 428/501/444
f 406/479/445 405/477/445 420/500/445
f 406/479/448 421/502/448 422/506/448
f 418/496/449 433/522/449 434/507/449
f 426/497/450 441/523/450 442/508/450
f 420/500/451 419/498/451 434/507/451
f 428/501/452 427/499/452 442/508/452
f 421/502/453 420/500/453 435/509/453
f 421/502/456 436/511/456 437/515/456
f 414/504/457 429/513/457 430/516/457
f 422/506/458 437/515/458 438/517/458
f 416/492/459 415/490/459 430/516/459
f 424/493/460 423/491/460 438/517/460
f 416/492/461 431/518/461 432/520/461
f 424/493/462 439/519/462 440/521/462
f 418/496/463 417/494/463 432/520/463
f 426/497/464 425/495/464 440/521/464
f 437/515/465 452/540/465 453/524/465
f 431/518/466 430/516/466 445/525/466
f 439/519/467 438/517/467 453/524/467
f 431/518/468 446/526/468 447/528/468
f 439/519/469 454/527/469 455/529/469
f 433/522/470 432/520/470 447/528/470
f 441/523/471 440/521/471 455/529/471
f 433/522/472 448/530/472 449/532/472
f 441/523/473 456/531/473 457/533/473
f 435/509/474 434/507/474 449/532/474
f 442/508/475 457/533/475 458/535/475
f 436/511/476 435/509/476 450/534/476
f 436/511/479 451/536/479 452/540/479
f 430/516/480 429/513/480 444/538/480
f 456/531/481 471/557/481 472/541/481
f 450/534/482 449/532/482 464/542/482
f 458/535/483 457/533/483 472/541/483
f 451/536/484 450/534/484 465/543/484
f 451/536/487 466/545/487 467/549/487
f 444/538/488 459/547/488 460/550/488
f 452/540/489 467/549/489 468/551/489
f 446/526/490 445/525/490 460/550/490
f 454/527/491 453/524/491 468/551/491
f 446/526/492 461/552/492 462/554/492
f 454/527/493 469/553/493 470/555/493
f 448/530/494 447/528/494 462/554/494
f 456/531/495 455/529/495 470/555/495
f 448/530/496 463/556/496 464/542/496
f 461/552/497 460/550/497 475/32/497
f 468/551/498 478/3/498 6/8/498
f 462/554/808 461/552/808 1/4/808
f 469/553/500 6/8/500 479/11/500
f 463/556/501 462/554/501 476/9/501
f 471/557/809 470/555/809 479/11/809
f 464/542/503 463/556/503 2/14/503
f 471/557/504 480/16/504 481/20/504
f 465/543/505 464/542/505 477/17/505
f 472/541/506 481/20/506 482/24/506
f 466/545/507 465/543/507 3/21/507
f 466/545/510 4/26/510 5/1/510
f 459/547/511 474/27/511 475/32/511
f 467/549/512 5/1/512 478/3/512
f 772/921/736 774/924/736 773/922/736
f 774/924/737 776/926/737 775/925/737
f 776/926/738 778/928/738 777/927/738
f 778/928/739 780/930/739 779/929/739
f 780/930/740 782/932/740 781/931/740
f 782/932/741 784/934/741 783/933/741
f 784/934/742 786/936/742 785/935/742
f 786/936/743 788/938/743 787/937/743
f 788/938/744 790/940/744 789/939/744
f 790/940/745 792/942/745 791/941/745
f 792/942/746 794/944/746 793/943/746
f 794/944/747 796/946/747 795/945/747
f 796/946/748 798/948/748 797/947/748
f 798/948/749 800/950/749 799/949/749
f 800/950/750 802/952/750 801/951/750
f 802/952/751 804/954/751 803/953/751
f 804/954/752 806/956/752 805/955/752
f 806/956/753 808/958/753 807/957/753
f 808/958/754 810/960/754 809/959/754
f 810/960/755 812/962/755 811/961/755
f 812/962/756 814/964/756 813/963/756
f 814/964/757 816/966/757 815/965/757
f 816/966/758 818/968/758 817/967/758
f 818/968/759 820/970/759 819/969/759
f 820/970/760 822/972/760 821/971/760
f 822/972/761 824/974/761 823/973/761
f 824/974/762 826/976/762 825/975/762
f 826/976/763 828/978/763 827/977/763
f 828/978/764 830/980/764 829/979/764
f 830/980/765 832/985/765 831/981/765
f 776/1063/766 774/1064/766 832/1065/766
f 774/1064/766 772/1066/766 834/1067/766
f 832/1065/766 774/1064/766 834/1067/766
f 832/1065/766 830/1068/766 776/1063/766
f 830/1068/766 828/984/766 778/983/766
f 776/1063/766 830/1068/766 778/983/766
f 828/984/766 826/1069/766 780/982/766
f 826/1069/766 824/1070/766 782/1071/766
f 780/982/766 826/1069/766 782/1071/766
f 824/1070/766 822/1072/766 786/1073/766
f 822/1072/766 820/1074/766 788/1075/766
f 820/1074/766 818/1076/766 790/1077/766
f 818/1076/766 816/1078/766 792/1079/766
f 816/1078/766 814/1080/766 792/1079/766
f 814/1080/766 812/1081/766 794/1082/766
f 792/1079/766 814/1080/766 794/1082/766
f 812/1081/766 810/1083/766 796/1084/766
f 810/1083/766 808/1085/766 798/1086/766
f 796/1084/766 810/1083/766 798/1086/766
f 808/1085/766 806/1087/766 800/1088/766
f 806/1087/766 804/1089/766 802/1090/766
f 800/1088/766 806/1087/766 802/1090/766
f 800/1088/766 798/1086/766 808/1085/766
f 796/1084/766 794/1082/766 812/1081/766
f 792/1079/766 790/1077/766 818/1076/766
f 790/1077/766 788/1075/766 820/1074/766
f 788/1075/766 786/1073/766 822/1072/766
f 786/1073/766 784/1091/766 824/1070/766
f 784/1091/766 782/1071/766 824/1070/766
f 832/985/767 834/987/767 833/986/767
f 834/987/768 772/1092/768 771/988/768
f 833/1093/769 771/1094/769 773/1095/769
f 773/1095/769 775/1096/769 833/1093/769
f 775/1096/769 777/991/769 831/990/769
f 833/1093/769 775/1096/769 831/990/769
f 777/991/769 779/1097/769 827/1098/769
f 779/1097/769 781/1099/769 825/1100/769
f 781/1099/769 783/1101/769 825/1100/769
f 783/1101/769 785/1102/769 823/1103/769
f 825/1100/769 783/1101/769 823/1103/769
f 785/1102/769 787/1104/769 819/1105/769
f 787/1104/769 789/1106/769 817/1107/769
f 789/1106/769 791/1108/769 817/1107/769
f 791/1108/769 793/1109/769 815/1110/769
f 817/1107/769 791/1108/769 815/1110/769
f 793/1109/769 795/1111/769 811/1112/769
f 795/1111/769 797/1113/769 809/1114/769
f 797/1113/769 799/1115/769 809/1114/769
f 799/1115/769 801/1116/769 807/1117/769
f 809/1114/769 799/1115/769 807/1117/769
f 801/1116/769 803/1118/769 805/1119/769
f 805/1119/769 807/1117/769 801/1116/769
f 809/1114/769 811/1112/769 795/1111/769
f 811/1112/769 813/1120/769 793/1109/769
f 813/1120/769 815/1110/769 793/1109/769
f 817/1107/769 819/1105/769 787/1104/769
f 819/1105/769 821/1121/769 785/1102/769
f 821/1121/769 823/1103/769 785/1102/769
f 825/1100/769 827/1098/769 779/1097/769
f 827/1098/769 829/989/769 777/991/769
f 836/992/770 838/995/770 837/993/770
f 838/995/771 840/997/771 839/996/771
f 840/997/772 842/999/772 841/998/772
f 842/999/773 844/1001/773 843/1000/773
f 844/1001/774 846/1003/774 845/1002/774
f 846/1003/775 848/1005/775 847/1004/775
f 848/1005/776 850/1007/776 849/1006/776
f 850/1007/777 852/1009/777 851/1008/777
f 852/1009/778 854/1011/778 853/1010/778
f 854/1011/779 856/1013/779 855/1012/779
f 856/1013/780 858/1015/780 857/1014/780
f 858/1015/781 860/1017/781 859/1016/781
f 860/1017/782 862/1019/782 861/1018/782
f 862/1019/783 864/1021/783 863/1020/783
f 864/1021/784 866/1023/784 865/1022/784
f 866/1023/785 868/1025/785 867/1024/785
f 868/1025/786 870/1027/786 869/1026/786
f 870/1027/787 872/1029/787 871/1028/787
f 872/1029/788 874/1031/788 873/1030/788
f 874/1031/789 876/1033/789 875/1032/789
f 876/1033/790 878/1035/790 877/1034/790
f 878/1035/791 880/1037/791 879/1036/791
f 880/1037/792 882/1039/792 881/1038/792
f 882/1039/793 884/1041/793 883/1040/793
f 884/1041/794 886/1043/794 885/1042/794
f 886/1043/795 888/1045/795 887/1044/795
f 888/1045/796 890/1047/796 889/1046/796
f 890/1047/797 892/1049/797 891/1048/797
f 892/1049/798 894/1051/798 893/1050/798
f 894/1051/799 896/1056/799 895/1052/799
f 840/1055/766 838/1122/766 896/1123/766
f 838/1122/766 836/1124/766 896/1123/766
f 836/1124/766 898/1125/766 896/1123/766
f 896/1123/766 894/1126/766 892/1127/766
f 892/1127/766 890/1128/766 888/1129/766
f 888/1129/766 886/1130/766 884/1131/766
f 884/1131/766 882/1132/766 888/1129/766
f 882/1132/766 880/1133/766 888/1129/766
f 880/1133/766 878/1134/766 876/1135/766
f 876/1135/766 874/1136/766 872/1137/766
f 872/1137/766 870/1138/766 868/1139/766
f 868/1139/766 866/1140/766 872/1137/766
f 866/1140/766 864/1141/766 872/1137/766
f 864/1141/766 862/1142/766 860/1143/766
f 860/1143/766 858/1144/766 856/1053/766
f 856/1053/766 854/1145/766 852/1146/766
f 852/1146/766 850/1147/766 856/1053/766
f 850/1147/766 848/1054/766 856/1053/766
f 848/1054/766 846/1148/766 844/1149/766
f 844/1149/766 842/1150/766 848/1054/766
f 842/1150/766 840/1055/766 848/1054/766
f 896/1123/766 892/1127/766 888/1129/766
f 880/1133/766 876/1135/766 872/1137/766
f 864/1141/766 860/1143/766 856/1053/766
f 840/1055/766 896/1123/766 872/1137/766
f 896/1123/766 888/1129/766 872/1137/766
f 888/1129/766 880/1133/766 872/1137/766
f 872/1137/766 864/1141/766 840/1055/766
f 864/1141/766 856/1053/766 840/1055/766
f 896/1056/800 898/1058/800 897/1057/800
f 898/1058/801 836/1151/801 835/1059/801
f 897/1152/769 835/1153/769 837/1154/769
f 837/1154/769 839/1155/769 841/1156/769
f 841/1156/769 843/1157/769 845/1158/769
f 845/1158/769 847/1159/769 841/1156/769
f 847/1159/769 849/1060/769 841/1156/769
f 849/1060/769 851/1160/769 853/1161/769
f 853/1161/769 855/1162/769 849/1060/769
f 855/1162/769 857/1163/769 849/1060/769
f 857/1163/769 859/1164/769 865/1061/769
f 859/1164/769 861/1165/769 865/1061/769
f 861/1165/769 863/1166/769 865/1061/769
f 865/1061/769 867/1167/769 869/1168/769
f 869/1168/769 871/1169/769 873/1170/769
f 873/1170/810 875/1171/810 877/1172/810
f 877/1172/769 879/1173/769 881/1062/769
f 881/1062/769 883/1174/769 885/1175/769
f 885/1175/769 887/1176/769 881/1062/769
f 887/1176/769 889/1177/769 881/1062/769
f 889/1177/811 891/1178/811 893/1179/811
f 893/1179/769 895/1180/769 889/1177/769
f 895/1180/769 897/1152/769 889/1177/769
f 897/1152/769 837/1154/769 841/1156/769
f 865/1061/769 869/1168/769 873/1170/769
f 873/1170/769 877/1172/769 865/1061/769
f 877/1172/769 881/1062/769 865/1061/769
f 897/1152/769 841/1156/769 849/1060/769
f 849/1060/769 857/1163/769 865/1061/769
f 881/1062/769 889/1177/769 897/1152/769
f 897/1152/769 849/1060/769 881/1062/769
usemtl マテリアル
f 484/560/513 708/561/513 707/562/513
f 708/561/514 488/563/514 709/564/514
f 488/563/515 710/565/515 709/564/515
f 490/566/516 711/567/516 710/565/516
f 711/567/517 494/568/517 712/569/517
f 712/569/518 496/570/518 713/571/518
f 496/570/519 714/572/519 713/571/519
f 498/573/520 715/574/520 714/572/520
f 500/575/521 716/576/521 715/574/521
f 716/576/522 504/577/522 717/578/522
f 504/577/523 718/579/523 717/578/523
f 506/580/524 719/581/524 718/579/524
f 719/581/525 510/582/525 720/583/525
f 720/583/526 512/584/526 721/585/526
f 512/584/527 722/586/527 721/585/527
f 722/586/528 516/587/528 723/588/528
f 516/587/529 724/589/529 723/588/529
f 724/589/530 520/590/530 725/591/530
f 520/590/531 726/592/531 725/591/531
f 522/593/532 727/594/532 726/592/532
f 524/595/533 728/596/533 727/594/533
f 728/596/534 528/597/534 729/598/534
f 528/597/535 730/599/535 729/598/535
f 530/600/536 731/601/536 730/599/536
f 532/602/537 732/603/537 731/601/537
f 732/603/538 536/604/538 733/605/538
f 536/604/539 734/606/539 733/605/539
f 538/607/540 735/608/540 734/606/540
f 735/608/541 542/609/541 736/610/541
f 736/610/542 544/611/542 737/612/542
f 488/613/543 536/614/543 520/615/543
f 544/611/544 738/616/544 737/612/544
f 546/617/545 707/618/545 738/616/545
f 513/619/546 529/620/546 545/621/546
f 578/622/547 610/623/547 609/624/547
f 577/625/548 609/624/548 608/626/548
f 576/627/549 608/626/549 607/628/549
f 575/629/550 607/628/550 606/630/550
f 574/631/551 606/630/551 605/632/551
f 573/633/552 605/632/552 604/634/552
f 572/635/553 604/634/553 603/636/553
f 571/637/554 603/636/554 602/638/554
f 570/639/555 602/638/555 601/640/555
f 569/641/556 601/640/556 600/642/556
f 568/643/557 600/642/557 599/644/557
f 567/645/558 599/644/558 598/646/558
f 566/647/559 598/646/559 597/648/559
f 565/649/560 597/648/560 596/650/560
f 564/651/561 596/650/561 595/652/561
f 563/653/562 595/652/562 594/654/562
f 562/655/563 594/654/563 593/656/563
f 561/657/564 593/656/564 592/658/564
f 560/659/565 592/658/565 591/660/565
f 559/661/566 591/660/566 590/662/566
f 558/663/567 590/662/567 589/664/567
f 557/665/568 589/664/568 588/666/568
f 556/667/569 588/666/569 587/668/569
f 555/669/570 587/668/570 586/670/570
f 554/671/571 586/670/571 585/672/571
f 553/673/572 585/672/572 584/674/572
f 552/675/573 584/674/573 583/676/573
f 551/677/574 583/676/574 582/678/574
f 550/679/575 582/678/575 581/680/575
f 549/681/576 581/680/576 580/682/576
f 548/683/577 580/682/577 579/684/577
f 547/685/578 579/684/578 610/686/578
f 610/686/579 739/687/579 770/688/579
f 739/687/580 580/682/580 740/689/580
f 580/682/581 741/690/581 740/689/581
f 741/690/582 582/678/582 742/691/582
f 582/678/583 743/692/583 742/691/583
f 743/692/584 584/674/584 744/693/584
f 584/674/585 745/694/585 744/693/585
f 745/694/586 586/670/586 746/695/586
f 586/670/587 747/696/587 746/695/587
f 747/696/588 588/666/588 748/697/588
f 588/666/589 749/698/589 748/697/589
f 749/698/590 590/662/590 750/699/590
f 590/662/591 751/700/591 750/699/591
f 751/700/592 592/658/592 752/701/592
f 592/658/593 753/702/593 752/701/593
f 753/702/594 594/654/594 754/703/594
f 594/654/595 755/704/595 754/703/595
f 755/704/596 596/650/596 756/705/596
f 596/650/597 757/706/597 756/705/597
f 757/706/598 598/646/598 758/707/598
f 598/646/599 759/708/599 758/707/599
f 759/708/600 600/642/600 760/709/600
f 600/642/601 761/710/601 760/709/601
f 761/710/602 602/638/602 762/711/602
f 602/638/603 763/712/603 762/711/603
f 763/712/604 604/634/604 764/713/604
f 604/634/605 765/714/605 764/713/605
f 765/714/606 606/630/606 766/715/606
f 606/630/607 767/716/607 766/715/607
f 767/716/608 608/626/608 768/717/608
f 608/626/609 769/718/609 768/717/609
f 769/718/610 610/623/610 770/719/610
f 642/720/611 547/721/611 578/622/611
f 577/625/612 642/720/612 578/622/612
f 640/722/613 577/625/613 576/627/613
f 639/723/614 576/627/614 575/629/614
f 638/724/615 575/629/615 574/631/615
f 573/633/616 638/724/616 574/631/616
f 636/725/617 573/633/617 572/635/617
f 571/637/618 636/725/618 572/635/618
f 634/726/619 571/637/619 570/639/619
f 569/641/620 634/726/620 570/639/620
f 632/727/621 569/641/621 568/643/621
f 631/728/622 568/643/622 567/645/622
f 630/729/623 567/645/623 566/647/623
f 565/649/624 630/729/624 566/647/624
f 628/730/625 565/649/625 564/651/625
f 563/653/626 628/730/626 564/651/626
f 626/731/627 563/653/627 562/655/627
f 561/657/628 626/731/628 562/655/628
f 624/732/629 561/657/629 560/659/629
f 623/733/630 560/659/630 559/661/630
f 622/734/631 559/661/631 558/663/631
f 557/665/632 622/734/632 558/663/632
f 620/735/633 557/665/633 556/667/633
f 555/669/634 620/735/634 556/667/634
f 618/736/635 555/669/635 554/671/635
f 553/673/636 618/736/636 554/671/636
f 616/737/637 553/673/637 552/675/637
f 615/738/638 552/675/638 551/677/638
f 614/739/639 551/677/639 550/679/639
f 549/681/640 614/739/640 550/679/640
f 612/740/641 549/681/641 548/683/641
f 547/685/642 612/740/642 548/683/642
f 674/741/611 611/742/611 642/720/611
f 641/743/612 674/741/612 642/720/612
f 672/744/613 641/743/613 640/722/613
f 671/745/614 640/722/614 639/723/614
f 670/746/643 639/723/643 638/724/643
f 637/747/616 670/746/616 638/724/616
f 668/748/617 637/747/617 636/725/617
f 635/749/644 668/748/644 636/725/644
f 666/750/619 635/749/619 634/726/619
f 633/751/620 666/750/620 634/726/620
f 664/752/621 633/751/621 632/727/621
f 663/753/645 632/727/645 631/728/645
f 662/754/623 631/728/623 630/729/623
f 629/755/624 662/754/624 630/729/624
f 660/756/625 629/755/625 628/730/625
f 627/757/626 660/756/626 628/730/626
f 658/758/627 627/757/627 626/731/627
f 625/759/628 658/758/628 626/731/628
f 656/760/629 625/759/629 624/732/629
f 655/761/630 624/732/630 623/733/630
f 654/762/631 623/733/631 622/734/631
f 621/763/632 654/762/632 622/734/632
f 652/764/633 621/763/633 620/735/633
f 619/765/634 652/764/634 620/735/634
f 650/766/635 619/765/635 618/736/635
f 617/767/636 650/766/636 618/736/636
f 648/768/637 617/767/637 616/737/637
f 647/769/638 616/737/638 615/738/638
f 646/770/639 615/738/639 614/739/639
f 613/771/640 646/770/640 614/739/640
f 644/772/641 613/771/641 612/740/641
f 611/773/642 644/772/642 612/740/642
f 706/774/611 643/775/611 674/741/611
f 673/776/612 706/774/612 674/741/612
f 704/777/613 673/776/613 672/744/613
f 703/778/614 672/744/614 671/745/614
f 670/746/643 703/778/643 671/745/643
f 669/779/616 702/780/616 670/746/616
f 700/781/617 669/779/617 668/748/617
f 667/782/618 700/781/618 668/748/618
f 698/783/619 667/782/619 666/750/619
f 665/784/620 698/783/620 666/750/620
f 696/785/621 665/784/621 664/752/621
f 695/786/645 664/752/645 663/753/645
f 662/754/623 695/786/623 663/753/623
f 661/787/624 694/788/624 662/754/624
f 692/789/625 661/787/625 660/756/625
f 659/790/626 692/789/626 660/756/626
f 690/791/627 659/790/627 658/758/627
f 657/792/628 690/791/628 658/758/628
f 688/793/629 657/792/629 656/760/629
f 687/794/630 656/760/630 655/761/630
f 654/762/631 687/794/631 655/761/631
f 653/795/632 686/796/632 654/762/632
f 684/797/633 653/795/633 652/764/633
f 651/798/634 684/797/634 652/764/634
f 682/799/635 651/798/635 650/766/635
f 649/800/636 682/799/636 650/766/636
f 680/801/637 649/800/637 648/768/637
f 679/802/638 648/768/638 647/769/638
f 646/770/639 679/802/639 647/769/639
f 645/803/640 678/804/640 646/770/640
f 676/805/641 645/803/641 644/772/641
f 643/806/642 676/805/642 644/772/642
f 738/616/646 675/807/646 706/774/646
f 705/808/647 738/616/647 706/774/647
f 736/610/648 705/808/648 704/777/648
f 735/608/649 704/777/649 703/778/649
f 702/780/650 735/608/650 703/778/650
f 701/809/651 734/606/651 702/780/651
f 732/603/652 701/809/652 700/781/652
f 699/810/653 732/603/653 700/781/653
f 730/599/654 699/810/654 698/783/654
f 697/811/655 730/599/655 698/783/655
f 728/596/656 697/811/656 696/785/656
f 727/594/657 696/785/657 695/786/657
f 694/788/658 727/594/658 695/786/658
f 693/812/659 726/592/659 694/788/659
f 724/589/660 693/812/660 692/789/660
f 691/813/661 724/589/661 692/789/661
f 722/586/662 691/813/662 690/791/662
f 689/814/663 722/586/663 690/791/663
f 720/583/664 689/814/664 688/793/664
f 719/581/665 688/793/665 687/794/665
f 686/796/666 719/581/666 687/794/666
f 685/815/667 718/579/667 686/796/667
f 716/576/668 685/815/668 684/797/668
f 683/816/669 716/576/669 684/797/669
f 714/572/670 683/816/670 682/799/670
f 681/817/671 714/572/671 682/799/671
f 712/569/672 681/817/672 680/801/672
f 711/567/673 680/801/673 679/802/673
f 678/804/674 711/567/674 679/802/674
f 677/818/675 710/565/675 678/804/675
f 708/561/676 677/818/676 676/805/676
f 675/819/677 708/561/677 676/805/677
f 545/820/678 770/719/678 483/821/678
f 768/717/679 545/820/679 543/822/679
f 541/823/680 768/717/680 543/822/680
f 539/824/681 767/716/681 541/823/681
f 765/714/682 539/824/682 537/825/682
f 764/713/683 537/825/683 535/826/683
f 763/712/684 535/826/684 533/827/684
f 762/711/685 533/827/685 531/828/685
f 529/829/686 762/711/686 531/828/686
f 760/709/687 529/829/687 527/830/687
f 525/831/688 760/709/688 527/830/688
f 523/832/689 759/708/689 525/831/689
f 757/706/690 523/832/690 521/833/690
f 756/705/691 521/833/691 519/834/691
f 517/835/692 756/705/692 519/834/692
f 754/703/693 517/835/693 515/836/693
f 513/837/694 754/703/694 515/836/694
f 752/701/695 513/837/695 511/838/695
f 509/839/696 752/701/696 511/838/696
f 507/840/697 751/700/697 509/839/697
f 749/698/698 507/840/698 505/841/698
f 748/697/699 505/841/699 503/842/699
f 501/843/700 748/697/700 503/842/700
f 746/695/701 501/843/701 499/844/701
f 497/845/702 746/695/702 499/844/702
f 744/693/703 497/845/703 495/846/703
f 493/847/704 744/693/704 495/846/704
f 491/848/705 743/692/705 493/847/705
f 741/690/706 491/848/706 489/849/706
f 740/689/707 489/849/707 487/850/707
f 485/851/708 740/689/708 487/850/708
f 770/688/709 485/851/709 483/852/709
f 484/560/513 486/853/513 708/561/513
f 708/561/710 486/853/710 488/563/710
f 488/563/515 490/566/515 710/565/515
f 490/566/711 492/854/711 711/567/711
f 711/567/517 492/854/517 494/568/517
f 712/569/518 494/568/518 496/570/518
f 496/570/712 498/573/712 714/572/712
f 498/573/520 500/575/520 715/574/520
f 500/575/521 502/855/521 716/576/521
f 716/576/522 502/855/522 504/577/522
f 504/577/523 506/580/523 718/579/523
f 506/580/524 508/856/524 719/581/524
f 719/581/713 508/856/713 510/582/713
f 720/583/526 510/582/526 512/584/526
f 512/584/527 514/857/527 722/586/527
f 722/586/528 514/857/528 516/587/528
f 516/587/529 518/858/529 724/589/529
f 724/589/530 518/858/530 520/590/530
f 520/590/531 522/593/531 726/592/531
f 522/593/532 524/595/532 727/594/532
f 524/595/714 526/859/714 728/596/714
f 728/596/534 526/859/534 528/597/534
f 528/597/535 530/600/535 730/599/535
f 530/600/536 532/602/536 731/601/536
f 532/602/537 534/860/537 732/603/537
f 732/603/538 534/860/538 536/604/538
f 536/604/539 538/607/539 734/606/539
f 538/607/540 540/861/540 735/608/540
f 735/608/541 540/861/541 542/609/541
f 736/610/542 542/609/542 544/611/542
f 488/613/715 486/862/715 484/863/715
f 484/863/716 546/864/716 488/613/716
f 546/864/543 544/865/543 488/613/543
f 544/865/717 542/866/717 540/867/717
f 540/867/718 538/868/718 536/614/718
f 536/614/543 534/869/543 528/870/543
f 534/869/543 532/871/543 528/870/543
f 532/871/543 530/872/543 528/870/543
f 528/870/719 526/873/719 524/874/719
f 524/874/720 522/875/720 520/615/720
f 520/615/721 518/876/721 516/877/721
f 516/877/717 514/878/717 520/615/717
f 514/878/543 512/879/543 520/615/543
f 512/879/717 510/880/717 508/881/717
f 508/881/722 506/882/722 504/883/722
f 504/883/723 502/884/723 500/885/723
f 500/885/543 498/886/543 504/883/543
f 498/886/543 496/887/543 504/883/543
f 496/887/724 494/888/724 492/889/724
f 492/889/725 490/890/725 488/613/725
f 544/865/717 540/867/717 488/613/717
f 540/867/543 536/614/543 488/613/543
f 528/870/543 524/874/543 536/614/543
f 524/874/543 520/615/543 536/614/543
f 512/879/543 508/881/543 520/615/543
f 508/881/543 504/883/543 520/615/543
f 496/887/717 492/889/717 488/613/717
f 504/883/543 496/887/543 520/615/543
f 496/887/543 488/613/543 520/615/543
f 544/611/544 546/617/544 738/616/544
f 546/617/726 484/891/726 707/618/726
f 545/621/546 483/892/546 485/893/546
f 485/893/546 487/894/546 489/895/546
f 489/895/546 491/896/546 493/897/546
f 493/897/546 495/898/546 497/899/546
f 497/899/546 499/900/546 501/901/546
f 501/901/546 503/902/546 505/903/546
f 505/903/546 507/904/546 509/905/546
f 509/905/546 511/906/546 513/619/546
f 513/619/546 515/907/546 517/908/546
f 517/908/546 519/909/546 521/910/546
f 521/910/546 523/911/546 525/912/546
f 525/912/546 527/913/546 529/620/546
f 529/620/546 531/914/546 533/915/546
f 533/915/546 535/916/546 537/917/546
f 537/917/546 539/918/546 541/919/546
f 541/919/546 543/920/546 545/621/546
f 545/621/546 485/893/546 497/899/546
f 485/893/546 489/895/546 497/899/546
f 489/895/546 493/897/546 497/899/546
f 497/899/546 501/901/546 513/619/546
f 501/901/546 505/903/546 513/619/546
f 505/903/546 509/905/546 513/619/546
f 513/619/546 517/908/546 529/620/546
f 517/908/546 521/910/546 529/620/546
f 521/910/546 525/912/546 529/620/546
f 529/620/546 533/915/546 545/621/546
f 533/915/546 537/917/546 545/621/546
f 537/917/546 541/919/546 545/621/546
f 545/621/546 497/899/546 513/619/546
f 578/622/547 547/721/547 610/623/547
f 577/625/548 578/622/548 609/624/548
f 576/627/549 577/625/549 608/626/549
f 575/629/550 576/627/550 607/628/550
f 574/631/551 575/629/551 606/630/551
f 573/633/552 574/631/552 605/632/552
f 572/635/553 573/633/553 604/634/553
f 571/637/554 572/635/554 603/636/554
f 570/639/555 571/637/555 602/638/555
f 569/641/556 570/639/556 601/640/556
f 568/643/557 569/641/557 600/642/557
f 567/645/558 568/643/558 599/644/558
f 566/647/559 567/645/559 598/646/559
f 565/649/560 566/647/560 597/648/560
f 564/651/561 565/649/561 596/650/561
f 563/653/562 564/651/562 595/652/562
f 562/655/563 563/653/563 594/654/563
f 561/657/564 562/655/564 593/656/564
f 560/659/565 561/657/565 592/658/565
f 559/661/566 560/659/566 591/660/566
f 558/663/567 559/661/567 590/662/567
f 557/665/568 558/663/568 589/664/568
f 556/667/569 557/665/569 588/666/569
f 555/669/570 556/667/570 587/668/570
f 554/671/571 555/669/571 586/670/571
f 553/673/572 554/671/572 585/672/572
f 552/675/573 553/673/573 584/674/573
f 551/677/574 552/675/574 583/676/574
f 550/679/575 551/677/575 582/678/575
f 549/681/576 550/679/576 581/680/576
f 548/683/577 549/681/577 580/682/577
f 547/685/578 548/683/578 579/684/578
f 610/686/579 579/684/579 739/687/579
f 739/687/580 579/684/580 580/682/580
f 580/682/581 581/680/581 741/690/581
f 741/690/582 581/680/582 582/678/582
f 582/678/583 583/676/583 743/692/583
f 743/692/584 583/676/584 584/674/584
f 584/674/585 585/672/585 745/694/585
f 745/694/586 585/672/586 586/670/586
f 586/670/587 587/668/587 747/696/587
f 747/696/588 587/668/588 588/666/588
f 588/666/589 589/664/589 749/698/589
f 749/698/590 589/664/590 590/662/590
f 590/662/591 591/660/591 751/700/591
f 751/700/592 591/660/592 592/658/592
f 592/658/593 593/656/593 753/702/593
f 753/702/594 593/656/594 594/654/594
f 594/654/595 595/652/595 755/704/595
f 755/704/596 595/652/596 596/650/596
f 596/650/597 597/648/597 757/706/597
f 757/706/727 597/648/727 598/646/727
f 598/646/599 599/644/599 759/708/599
f 759/708/600 599/644/600 600/642/600
f 600/642/601 601/640/601 761/710/601
f 761/710/602 601/640/602 602/638/602
f 602/638/603 603/636/603 763/712/603
f 763/712/604 603/636/604 604/634/604
f 604/634/605 605/632/605 765/714/605
f 765/714/606 605/632/606 606/630/606
f 606/630/728 607/628/728 767/716/728
f 767/716/608 607/628/608 608/626/608
f 608/626/609 609/624/609 769/718/609
f 769/718/610 609/624/610 610/623/610
f 642/720/611 611/742/611 547/721/611
f 577/625/612 641/743/612 642/720/612
f 640/722/613 641/743/613 577/625/613
f 639/723/614 640/722/614 576/627/614
f 638/724/643 639/723/643 575/629/643
f 573/633/616 637/747/616 638/724/616
f 636/725/617 637/747/617 573/633/617
f 571/637/644 635/749/644 636/725/644
f 634/726/619 635/749/619 571/637/619
f 569/641/620 633/751/620 634/726/620
f 632/727/621 633/751/621 569/641/621
f 631/728/645 632/727/645 568/643/645
f 630/729/623 631/728/623 567/645/623
f 565/649/624 629/755/624 630/729/624
f 628/730/625 629/755/625 565/649/625
f 563/653/626 627/757/626 628/730/626
f 626/731/627 627/757/627 563/653/627
f 561/657/628 625/759/628 626/731/628
f 624/732/629 625/759/629 561/657/629
f 623/733/630 624/732/630 560/659/630
f 622/734/631 623/733/631 559/661/631
f 557/665/632 621/763/632 622/734/632
f 620/735/633 621/763/633 557/665/633
f 555/669/634 619/765/634 620/735/634
f 618/736/635 619/765/635 555/669/635
f 553/673/636 617/767/636 618/736/636
f 616/737/637 617/767/637 553/673/637
f 615/738/638 616/737/638 552/675/638
f 614/739/639 615/738/639 551/677/639
f 549/681/640 613/771/640 614/739/640
f 612/740/641 613/771/641 549/681/641
f 547/685/642 611/773/642 612/740/642
f 674/741/611 643/775/611 611/742/611
f 641/743/612 673/776/612 674/741/612
f 672/744/613 673/776/613 641/743/613
f 671/745/614 672/744/614 640/722/614
f 670/746/643 671/745/643 639/723/643
f 637/747/616 669/779/616 670/746/616
f 668/748/617 669/779/617 637/747/617
f 635/749/618 667/782/618 668/748/618
f 666/750/619 667/782/619 635/749/619
f 633/751/620 665/784/620 666/750/620
f 664/752/621 665/784/621 633/751/621
f 663/753/645 664/752/645 632/727/645
f 662/754/623 663/753/623 631/728/623
f 629/755/624 661/787/624 662/754/624
f 660/756/625 661/787/625 629/755/625
f 627/757/626 659/790/626 660/756/626
f 658/758/627 659/790/627 627/757/627
f 625/759/628 657/792/628 658/758/628
f 656/760/629 657/792/629 625/759/629
f 655/761/630 656/760/630 624/732/630
f 654/762/631 655/761/631 623/733/631
f 621/763/632 653/795/632 654/762/632
f 652/764/633 653/795/633 621/763/633
f 619/765/634 651/798/634 652/764/634
f 650/766/635 651/798/635 619/765/635
f 617/767/636 649/800/636 650/766/636
f 648/768/637 649/800/637 617/767/637
f 647/769/638 648/768/638 616/737/638
f 646/770/639 647/769/639 615/738/639
f 613/771/640 645/803/640 646/770/640
f 644/772/641 645/803/641 613/771/641
f 611/773/642 643/806/642 644/772/642
f 706/774/729 675/807/729 643/775/729
f 673/776/612 705/808/612 706/774/612
f 704/777/613 705/808/613 673/776/613
f 703/778/614 704/777/614 672/744/614
f 670/746/643 702/780/643 703/778/643
f 669/779/616 701/809/616 702/780/616
f 700/781/617 701/809/617 669/779/617
f 667/782/618 699/810/618 700/781/618
f 698/783/619 699/810/619 667/782/619
f 665/784/620 697/811/620 698/783/620
f 696/785/621 697/811/621 665/784/621
f 695/786/730 696/785/730 664/752/730
f 662/754/623 694/788/623 695/786/623
f 661/787/624 693/812/624 694/788/624
f 692/789/625 693/812/625 661/787/625
f 659/790/626 691/813/626 692/789/626
f 690/791/627 691/813/627 659/790/627
f 657/792/628 689/814/628 690/791/628
f 688/793/629 689/814/629 657/792/629
f 687/794/630 688/793/630 656/760/630
f 654/762/631 686/796/631 687/794/631
f 653/795/632 685/815/632 686/796/632
f 684/797/633 685/815/633 653/795/633
f 651/798/634 683/816/634 684/797/634
f 682/799/635 683/816/635 651/798/635
f 649/800/636 681/817/636 682/799/636
f 680/801/637 681/817/637 649/800/637
f 679/802/638 680/801/638 648/768/638
f 646/770/639 678/804/639 679/802/639
f 645/803/640 677/818/640 678/804/640
f 676/805/641 677/818/641 645/803/641
f 643/806/642 675/819/642 676/805/642
f 738/616/646 707/618/646 675/807/646
f 705/808/647 737/612/647 738/616/647
f 736/610/648 737/612/648 705/808/648
f 735/608/649 736/610/649 704/777/649
f 702/780/650 734/606/650 735/608/650
f 701/809/651 733/605/651 734/606/651
f 732/603/652 733/605/652 701/809/652
f 699/810/653 731/601/653 732/603/653
f 730/599/654 731/601/654 699/810/654
f 697/811/655 729/598/655 730/599/655
f 728/596/656 729/598/656 697/811/656
f 727/594/657 728/596/657 696/785/657
f 694/788/658 726/592/658 727/594/658
f 693/812/659 725/591/659 726/592/659
f 724/589/660 725/591/660 693/812/660
f 691/813/661 723/588/661 724/589/661
f 722/586/662 723/588/662 691/813/662
f 689/814/663 721/585/663 722/586/663
f 720/583/664 721/585/664 689/814/664
f 719/581/665 720/583/665 688/793/665
f 686/796/666 718/579/666 719/581/666
f 685/815/667 717/578/667 718/579/667
f 716/576/668 717/578/668 685/815/668
f 683/816/669 715/574/669 716/576/669
f 714/572/670 715/574/670 683/816/670
f 681/817/671 713/571/671 714/572/671
f 712/569/672 713/571/672 681/817/672
f 711/567/673 712/569/673 680/801/673
f 678/804/674 710/565/674 711/567/674
f 677/818/675 709/564/675 710/565/675
f 708/561/676 709/564/676 677/818/676
f 675/819/677 707/562/677 708/561/677
f 545/820/678 769/718/678 770/719/678
f 768/717/731 769/718/731 545/820/731
f 541/823/732 767/716/732 768/717/732
f 539/824/681 766/715/681 767/716/681
f 765/714/682 766/715/682 539/824/682
f 764/713/683 765/714/683 537/825/683
f 763/712/733 764/713/733 535/826/733
f 762/711/685 763/712/685 533/827/685
f 529/829/734 761/710/734 762/711/734
f 760/709/687 761/710/687 529/829/687
f 525/831/688 759/708/688 760/709/688
f 523/832/689 758/707/689 759/708/689
f 757/706/690 758/707/690 523/832/690
f 756/705/691 757/706/691 521/833/691
f 517/835/692 755/704/692 756/705/692
f 754/703/693 755/704/693 517/835/693
f 513/837/694 753/702/694 754/703/694
f 752/701/695 753/702/695 513/837/695
f 509/839/696 751/700/696 752/701/696
f 507/840/735 750/699/735 751/700/735
f 749/698/698 750/699/698 507/840/698
f 748/697/699 749/698/699 505/841/699
f 501/843/700 747/696/700 748/697/700
f 746/695/701 747/696/701 501/843/701
f 497/845/702 745/694/702 746/695/702
f 744/693/703 745/694/703 497/845/703
f 493/847/704 743/692/704 744/693/704
f 491/848/705 742/691/705 743/692/705
f 741/690/706 742/691/706 491/848/706
f 740/689/707 741/690/707 489/849/707
f 485/851/708 739/687/708 740/689/708
f 770/688/709 739/687/709 485/851/709
